iteration,incumbent_cost,dr_cost,dr_improved,adopted,k_requested,k_realized,predicted_dr_wall_s,dr_wall_s
0,,457782.0,True,True,3,3,177.495,208.181
1,450632.0,462953.0,False,False,21,21,93.948,86.366
2,450632.0,455405.0,False,False,12,12,194.462,141.538
3,450119.0,452911.0,False,False,6,6,122.625,126.394
4,450119.0,467671.0,False,False,21,21,137.568,97.458
5,450119.0,450998.0,False,False,4,4,215.676,225.851
6,450119.0,451371.0,False,False,3,3,313.823,323.7
7,449710.0,458005.0,False,False,21,21,164.352,115.982
8,449710.0,451091.0,False,False,12,12,197.253,144.942
9,449710.0,450919.0,False,False,3,3,177.32,184.965
10,449710.0,454693.0,False,False,12,12,134.707,126.035
11,449710.0,458558.0,False,False,21,21,120.093,84.19
12,449710.0,455062.0,False,False,8,8,154.091,158.52
13,449710.0,453284.0,False,False,8,8,162.258,124.313
14,449710.0,451197.0,False,False,6,6,131.116,138.48
15,449501.0,457773.0,False,False,16,16,101.872,89.357
16,449501.0,458853.0,False,False,3,3,262.232,320.828
17,449501.0,457075.0,False,False,4,4,192.897,227.378
18,449501.0,458088.0,False,False,21,21,164.352,116.09
19,449501.0,461258.0,False,False,3,3,248.997,311.359
20,449501.0,459088.0,False,False,8,8,183.245,162.733
21,449501.0,451694.0,False,False,6,6,127.485,134.371
22,449501.0,456476.0,False,False,12,12,94.181,92.046
23,449501.0,456588.0,False,False,8,8,109.792,91.282
24,449501.0,451209.0,False,False,6,6,160.572,169.932
25,449501.0,458709.0,False,False,21,21,116.488,81.234
26,449501.0,450250.0,False,False,3,3,182.766,191.287
27,449501.0,451951.0,False,False,10,10,138.635,145.459
28,449501.0,454241.0,False,False,10,10,162.0,113.279
29,449501.0,451206.0,False,False,3,3,162.328,169.652
30,449501.0,452973.0,False,False,10,10,140.962,106.153
31,449501.0,458017.0,False,False,8,8,153.781,169.249
32,449501.0,457481.0,False,False,21,21,172.017,116.419
33,449501.0,450502.0,False,False,4,4,190.144,198.838
34,449501.0,453642.0,False,False,10,10,109.585,90.805
35,449501.0,454750.0,False,False,8,8,94.026,92.297
