instance,bks_current,drispi_mean,AILS-II,FILO2,FILO,SISRs,KGLSXXL,HGS-CVRP,LKH-3,OR-Tools
XL-n10001-k1570,2330666,2337880.7,2334348.4,2340196.9,2341299.5,2339332.4,2351638.2,2361177.1,,2415750.7
XL-n1048-k237,380107,380835.7,380369.4,382348.5,382614.6,381338.8,385633.1,381444.8,381811.7,387505.2
XL-n1094-k157,112431,112442.7,112452.6,112466.1,112468.1,112562.7,112695.7,112514.8,112970.8,114916.3
XL-n1141-k112,95638,95873.3,95798.9,95881.5,95901.6,96028.4,96443.3,96029.4,102963.8,100807.8
XL-n1188-k96,104402,104624.0,104511.6,104690.6,104705.8,104772,105249.1,104812.1,106752.8,110702
XL-n1234-k55,96603,96853.7,96787.3,96865.6,96892.3,96928.9,97486.3,97386.2,98200.5,103150.6
XL-n1281-k29,31083,31194.7,31201.3,31174.1,31187.1,31365.9,31356.1,31239.3,31799.5,33444.8
XL-n1328-k19,38201,38322.0,38317.4,38326.1,38315,38533.2,38626.2,38380.9,39053.5,41921.6
XL-n1374-k278,232940,233410.0,233248,233796.3,233836.9,233674.4,234614.6,233935.9,280689.7,246752.1
XL-n1421-k232,384646,385280.0,384949.2,385998.9,386057.5,385291.3,387806.7,386806.4,393269.9,395782
XL-n1468-k151,250028,250551.3,250305.2,250689.6,250685.1,250807.6,251767.9,251416.3,307088,259274.1
XL-n1514-k106,92398,92514.3,92489.7,92550.3,92552.3,92706.2,93084.8,92751.6,93840.6,98696.6
XL-n1561-k75,101540,101619.0,101583.3,101600.8,101598.4,101694.6,101807.8,101756,102215.2,104883.9
XL-n1608-k39,48009,48087.3,48064.3,48169.2,48209.4,48368.7,48409,48136.7,48842,52137.1
XL-n1654-k11,36370,36442.3,36429.1,36444,36443.6,36614.6,36957.5,36652.1,36945.2,40813.7
XL-n1701-k562,520843,521713.3,521380.5,525333.3,525299,522435.6,527011,523391.5,602157,546859.9
XL-n1748-k271,173759,174208.7,174027.2,174528.2,174555.8,174370.7,175458.2,174857,184422.9,186541.3
XL-n1794-k163,141724,141768.7,141777.6,141819,141827.8,142012.1,142196.8,141989.5,142859.8,146337.8
XL-n1841-k126,213981,214259.7,214142.6,214446.9,214601.9,214465.7,215376.7,215535.4,216484.8,228519.6
XL-n1888-k82,143558,143898.0,143733.5,143855.2,143892,144020.5,144609.1,145168.3,146161.4,150745.8
XL-n1934-k46,52980,53161.7,53067.3,53193.7,53216.1,53483.6,53468.4,53156.4,54821.5,58423
XL-n1981-k13,32546,32659.0,32639.1,32760.8,32672.6,32961.3,32958.7,32752.2,32989.8,36103.9
XL-n2028-k617,544166,544960.3,544596.6,547645.2,547687.3,545516.6,548760.1,545993.2,666636,572389.5
XL-n2074-k264,421250,422430.0,421805,422492.3,422449.9,422584.4,425405.7,427692.7,458340.7,439098.4
XL-n2121-k186,283105,283539.0,283323.6,283506,283531.6,283600.1,285026.6,286790.9,285363,295124.1
XL-n2168-k138,127210,127673.3,127450.2,127576.7,127619.5,127941.7,128500.4,128150.2,137346.9,140455.5
XL-n2214-k131,154652,154783.7,154722.4,154757.4,154763.3,154920.1,155087.7,155021.2,155704.4,159335.6
XL-n2261-k54,98826,99181.7,98993.6,99084.4,99135.9,99309.4,99668.1,100195,101786.1,106532.6
XL-n2307-k34,47936,48032.7,48020.2,48125.4,48225.2,48451.5,48439.7,48178.9,49339,54328.1
XL-n2354-k631,940634,941210.7,940960.9,943357,943678,941626.8,944550.9,944394,946780.2,986908.4
XL-n2401-k408,463084,464302.3,463673.4,464534.3,464722.2,464839.6,467336.2,468236.6,558932.9,503274.1
XL-n2447-k290,218633,219085.0,218821.4,219434,219628.7,219488,220656.7,220267.5,225815.8,240391.8
XL-n2494-k194,361057,361540.7,361273.1,362269.9,362285.1,361665.8,363810.2,364995.3,373017.9,370337.3
XL-n2541-k121,146345,146568.3,146489.1,146499.3,146502.5,146738.9,147004.5,147182.1,148125,153089.5
XL-n2587-k66,73254,73605.0,73520.7,73535.1,73571.1,73826.4,73917.1,73914.9,75906.3,82005.7
XL-n2634-k17,31619,31932.0,31781,31771.6,31748.6,32375,32605.3,32341.5,32846.8,36090.5
XL-n2681-k540,797906,800016.0,798950.4,800296.5,800389.8,799927.8,804920.8,810185,909519,825322.9
XL-n2727-k546,431108,431180.3,431173,431193.6,431205.1,431483.8,431834,431618.2,432335.8,434942.4
XL-n2774-k286,407617,408486.7,408000.2,408865.7,408941.9,408696.3,410307.4,412003.4,428405.3,419972.9
XL-n2821-k208,216622,217131.7,216868.8,217391,217614.4,217588.1,218567.7,218674.3,220864.7,241288.1
XL-n2867-k120,165916,166181.0,166056.6,166209,166213.8,166364.1,166939.6,168613.2,170659,173205.9
XL-n2914-k95,88902,89288.3,89080.2,89149.8,89178.4,89655.6,89861.4,89804.5,92914.7,100665
XL-n2961-k55,107945,108442.3,108200.9,108306.9,108370.2,108701.8,109169.3,110343.8,112864.4,120361.9
XL-n3007-k658,522126,522868.3,522458.9,522720.1,522812.4,522945.1,525157.3,526498.3,528972.3,544250.3
XL-n3054-k461,782194,783885.7,783022.3,784754.7,784883.9,784227.6,787008,791893.7,911867.1,811540.9
XL-n3101-k311,245766,246293.3,246059.9,246444.4,246627,246652.6,247375.9,247858.2,253877.6,264149.3
XL-n3147-k232,256417,257017.3,256746.6,256992.5,257036.8,257313.1,258429.1,259829.7,261419.4,266516.1
XL-n3194-k161,148596,149249.7,148905.3,149064.9,149161.6,149684.6,150141.2,150105.8,158561.8,171798.3
XL-n3241-k115,221249,221696.0,221468.2,221678.8,221732.6,222017.7,222510,223872.1,224294.5,230547.8
XL-n3287-k30,40190,40312.3,40264.9,40285.7,40273.4,40974.3,41009.4,41092.5,41244.8,45338
XL-n3334-k934,1452353,1453352.7,1452950.7,1453531.7,1453639.3,1453614.9,1457777.2,1466924.1,1473610.6,1480074.3
XL-n3408-k524,678024,679858.3,678911.7,680047.4,680284.2,680759.4,683727.2,686864.6,800425.6,778465.2
XL-n3484-k436,703319,703514.7,703416.8,703454.9,703459.9,703735.5,704063.7,704902.8,704700.1,707320
XL-n3561-k229,209191,210003.0,209555.6,209832.3,209977.3,210344.3,211715,212076.8,232075,233124.7
XL-n3640-k211,189531,190195.0,189838.6,190038,190110.6,190427.7,191291.3,191531.6,196261,200624.1
XL-n3721-k77,162630,163361.7,162970.3,163241.5,163468.7,164447.5,164631.6,167084.5,168623,177188.8
XL-n3804-k29,52838,52939.7,52935.8,53026.2,53054.8,53429.2,53958.4,53306.6,54224.7,61880.2
XL-n3888-k1010,1877119,1880823.3,1882369,1896882.1,1893832.7,1890565.2,1941655.6,1898904.4,,1910406.1
XL-n3975-k687,525560,526546.0,526048.1,526361.9,526431.4,526826.9,529183.5,532949.1,536626.8,550743.6
XL-n4063-k347,548330,550009.0,549115.2,549817.4,549905.8,550524.2,552683.1,559356.1,598800.3,573607.5
XL-n4153-k291,355780,356621.7,356149.2,356532.8,356631.7,356925.4,358686.7,360658.2,366949.9,370046.8
XL-n4245-k203,229521,229920.0,229743.2,229762.9,229786.2,230150.9,230549.3,232266.8,232340.6,238519.1
XL-n4340-k148,243895,245097.0,244431.7,244666.1,244723.3,245248.1,245962,250538,302129.8,255212.5
XL-n4436-k48,61431,61633.3,61583.1,61589.1,61745.9,62057.8,62371.8,62600.7,63696.4,69283.8
XL-n4535-k1134,1203512,1203634.7,1203606.7,1203655.5,1203619.9,1204074.4,1204297.9,1205208.8,1204811.8,1206309.5
XL-n4635-k790,609734,612499.0,610947.8,611437.2,611617.3,612478.8,615774.5,622572,,643476.9
XL-n4738-k487,759649,762226.7,760787.8,761880.7,762019.3,762728.4,765816.6,774216.4,876646.7,792775
XL-n4844-k321,404429,405406.3,404837.3,405876.3,406484.1,406164.6,407539.3,411848,410799.4,437853.2
XL-n4951-k203,284769,286180.0,285390.1,285575.4,285668.7,286311.6,287171.6,293247.8,306062.4,296654.3
XL-n5061-k184,161480,162013.7,161716.7,162041.9,162125.9,162458.5,162910.9,164240.8,169806,170004.9
XL-n5174-k55,61254,61787.7,61491.6,61489.1,61554.6,62655.7,63190.9,63365.1,67775.3,74070
XL-n5288-k1246,1958205,1962267.0,1960957.8,1969625.1,1970919.4,1964548,1975364.3,1981046.6,,2050699.2
XL-n5406-k783,1040141,1041331.0,1040723.8,1041163,1041275.2,1041638.4,1044993.9,1055362,1050772.4,1065357.7
XL-n5526-k553,336843,337158.3,336984.8,336985.4,337021.3,337581.3,337811.6,339395.9,338780.5,342645.5
XL-n5649-k401,644562,645589.0,644987.8,646598.9,647619.6,646822.3,648683.5,658983.1,656972.6,682592
XL-n5774-k290,249895,250979.7,250337.8,250790.3,250956.9,251849.3,252860.3,256107.7,287487.9,279218.2
XL-n5902-k122,217012,218598.7,217689,217668.5,217746.8,219210.6,220043,225156.7,226896.2,235501
XL-n6034-k61,64251,64939.7,64676.8,64615,64670.2,65598.7,66395.5,66794.3,72606.4,74714.1
XL-n6168-k1922,1527390,1533531.0,1530476.6,1533331.4,1534292.6,1534231.8,1540593.5,1553139.1,,1576529.3
XL-n6305-k1042,1176002,1179898.0,1177837,1180818.4,1181253.3,1181326.7,1188996.8,1194922.5,,1230959.2
XL-n6445-k628,996117,997713.3,996804.7,997804.3,998072.3,998517.3,1001095.2,1012009.6,1083306.7,1022544.1
XL-n6588-k473,333822,334789.3,334232.1,334604.8,334676.5,335287.1,336845.9,342341.7,339106,351373.2
XL-n6734-k330,447486,449229.3,448257.5,448662.3,448799.9,449746.2,450722.9,457623,602752.8,462933.5
XL-n6884-k148,181585,182494.7,181960.4,182261.4,182480.7,183998,183906.9,188623.6,189353.5,196806.5
XL-n7037-k38,70760,71082.0,70906.9,71027.6,71068.8,72054.5,76547.6,73989.1,75432.4,86527.1
XL-n7193-k1683,2958205,2960336.3,2959237.4,2964390.1,2966154.3,2962056.3,2976353.2,2978644.7,,3082216
XL-n7353-k1471,1537702,1538063.3,1537904.2,1537960.6,1537976.5,1538934.8,1539452.9,1542584.5,1540726.1,1544214.8
XL-n7516-k859,572984,575447.3,574104.2,575009.6,575005.8,576046.8,578784.8,586421.2,753817.4,601789.4
XL-n7683-k602,701151,703796.3,702303.9,703037.4,703265.8,704206.8,705940.7,714634.3,,722359.7
XL-n7854-k365,659075,659641.3,659311.3,659756.2,660167.4,661220.6,661426.5,668075.3,664183.7,672306.7
XL-n8028-k294,266295,267915.7,267065.9,267259.8,267493.1,269340.9,269533.1,273864.5,314769.4,326514.1
XL-n8207-k108,118050,118919.7,118509,118495.5,118710.4,120013,120368,122311.5,126054.1,130632.8
XL-n8389-k2028,3353305,3366542.7,3359593.2,3366587.9,3369886.8,3367143.4,3384122.1,3409508.7,,3424086.4
XL-n8575-k1297,1088376,1090139.3,1089360.7,1089920,1090163.5,1091190.2,1094951.1,1109688.1,1122709.8,1129545.4
XL-n8766-k1032,905060,908440.7,906592.3,907754.7,908041.4,909382.8,911712.8,921125.5,1356752.8,936239.4
XL-n8960-k634,772906,774229.0,773515.7,774194.6,774478,775165.8,776749,787574.8,851958.9,791178.6
XL-n9160-k379,323596,325280.7,324277.1,325121.9,325988.6,327894.9,327773.4,332458.5,335886.5,361374.4
XL-n9363-k209,205369,206016.7,205842.2,205690.5,205788.7,206807.3,207627.8,210705.5,212825.4,220835.1
XL-n9571-k55,106344,107998.7,107277.8,106987.1,107247.1,110061.8,116005.7,114621.1,121011,130501
XL-n9784-k2774,4076936,4080143.7,4078505.8,4079247.6,4080925.8,4081111.9,4091318.6,4109693.8,,4119287.6
