instance,n,K,route_len,cost_seed11,cost_seed22,cost_seed33,cost_best3,cost_mean3,cost_worst3,iters_seed11,iters_seed22,iters_seed33,wall_s_seed11,wall_s_seed22,wall_s_seed33,bks_initial,bks_current,ails2_best,ails2_mean,gap_init_seed11,gap_init_seed22,gap_init_seed33,gap_init_best3,gap_init_mean3,gap_bks_seed11,gap_bks_seed22,gap_bks_seed33,gap_bks_best3,gap_bks_mean3,gap_init_ails2_mean,gap_bks_ails2_mean,seed_sd_pp,seed_range_pp,beats_initial_bks,ties_initial_bks,beats_ails2_mean,kdomain_changed,kdomain_group,rerun_after_contamination,mark30_seed11,mark30_seed22,mark30_seed33,mark60_seed11,mark60_seed22,mark60_seed33,mark90_seed11,mark90_seed22,mark90_seed33,mark120_seed11,mark120_seed22,mark120_seed33
XL-n1048-k237,1048,237,4.418,380637,380914,380956,380637,380835.7,380956,117,118,118,7227.8,7245.8,7229.1,380211,380107,380211,380369.4,0.112,0.1849,0.1959,0.112,0.1643,0.1394,0.2123,0.2234,0.1394,0.1917,0.0417,0.069,0.0456,0.0839,False,False,False,False,unchanged,False,381243,380914,381049,381243,380914,381021,380993,380914,380977,380637,380914,380956
XL-n1094-k157,1094,157,6.962,112444,112443,112441,112441,112442.7,112444,117,118,118,7283.8,7257.6,7242.7,112431,112431,112431,112452.6,0.0116,0.0107,0.0089,0.0089,0.0104,0.0116,0.0107,0.0089,0.0089,0.0104,0.0192,0.0192,0.0014,0.0027,False,False,True,False,unchanged,False,112478,112490,112477,112444,112445,112461,112444,112443,112452,112444,112443,112441
XL-n1141-k112,1141,112,10.179,95849,95899,95872,95849,95873.3,95899,117,117,117,7274.5,7230.9,7235.0,95727,95638,95727,95798.9,0.1274,0.1797,0.1515,0.1274,0.1529,0.2206,0.2729,0.2447,0.2206,0.2461,0.0751,0.1682,0.0262,0.0523,False,False,False,False,unchanged,False,95889,96003,95942,95889,95929,95888,95849,95899,95872,95849,95899,95872
XL-n1188-k96,1188,96,12.365,104590,104692,104590,104590,104624.0,104692,117,117,117,7245.6,7251.4,7258.1,104415,104402,104415,104511.6,0.1676,0.2653,0.1676,0.1676,0.2002,0.1801,0.2778,0.1801,0.1801,0.2126,0.0925,0.105,0.0564,0.0977,False,False,False,False,unchanged,False,104773,104716,104788,104672,104716,104711,104590,104692,104590,104590,104692,104590
XL-n1234-k55,1234,55,22.418,96809,96844,96908,96809,96853.7,96908,117,118,117,7246.0,7266.7,7236.2,96647,96603,96647,96787.3,0.1676,0.2038,0.2701,0.1676,0.2138,0.2132,0.2495,0.3157,0.2132,0.2595,0.1452,0.1908,0.052,0.1025,False,False,False,False,unchanged,False,96893,96844,96948,96824,96844,96947,96809,96844,96924,96809,96844,96908
XL-n1281-k29,1281,29,44.138,31220,31196,31168,31168,31194.7,31220,116,117,117,7237.0,7236.1,7206.4,31101,31083,31105,31201.3,0.3826,0.3055,0.2154,0.2154,0.3012,0.4408,0.3635,0.2735,0.2735,0.3593,0.3225,0.3806,0.0837,0.1673,False,False,True,False,unchanged,False,31255,31196,31280,31238,31196,31178,31233,31196,31178,31220,31196,31168
XL-n1328-k19,1328,19,69.842,38301,38377,38288,38288,38322.0,38377,111,118,116,7202.0,7253.7,7201.4,38247,38201,38248,38317.4,0.1412,0.3399,0.1072,0.1072,0.1961,0.2618,0.4607,0.2277,0.2277,0.3167,0.1841,0.3047,0.1258,0.233,False,False,True,False,unchanged,False,38395,38421,38351,38301,38392,38351,38301,38392,38297,38301,38377,38288
XL-n1374-k278,1374,278,4.939,233386,233484,233360,233360,233410.0,233484,116,118,118,7267.8,7241.5,7235.6,233049,232940,233049,233248.0,0.1446,0.1867,0.1334,0.1334,0.1549,0.1915,0.2335,0.1803,0.1803,0.2018,0.0854,0.1322,0.0281,0.0532,False,False,False,False,unchanged,False,233497,233560,233360,233386,233541,233360,233386,233484,233360,233386,233484,233360
XL-n1421-k232,1421,232,6.121,385216,385296,385328,385216,385280.0,385328,114,117,117,7242.6,7252.1,7252.1,384826,384646,384826,384949.2,0.1013,0.1221,0.1304,0.1013,0.118,0.1482,0.169,0.1773,0.1482,0.1648,0.032,0.0788,0.015,0.0291,False,False,False,False,unchanged,False,385438,385328,385424,385216,385328,385328,385216,385328,385328,385216,385296,385328
XL-n1468-k151,1468,151,9.715,250506,250623,250525,250506,250551.3,250623,116,118,118,7274.2,7246.1,7244.0,250166,250028,250166,250305.2,0.1359,0.1827,0.1435,0.1359,0.154,0.1912,0.238,0.1988,0.1912,0.2093,0.0556,0.1109,0.0251,0.0468,False,False,False,False,unchanged,False,250506,250668,250525,250506,250668,250525,250506,250668,250525,250506,250623,250525
XL-n1514-k106,1514,106,14.274,92517,92468,92558,92468,92514.3,92558,109,114,113,7234.4,7230.9,7232.5,92425,92398,92425,92489.7,0.0995,0.0465,0.1439,0.0465,0.0967,0.1288,0.0758,0.1732,0.0758,0.1259,0.07,0.0992,0.0488,0.0974,False,False,True,False,unchanged,False,92582,92520,92595,92548,92520,92595,92517,92520,92558,92517,92520,92558
XL-n1561-k75,1561,75,20.8,101593,101647,101617,101593,101619.0,101647,109,115,114,7259.7,7238.9,7243.5,101549,101540,101549,101583.3,0.0433,0.0965,0.067,0.0433,0.0689,0.0522,0.1054,0.0758,0.0522,0.0778,0.0338,0.0426,0.0266,0.0532,False,False,False,False,unchanged,False,101664,101661,101659,101640,101647,101659,101630,101647,101629,101593,101647,101617
XL-n1608-k39,1608,39,41.205,48075,48078,48109,48075,48087.3,48109,116,116,117,7286.6,7238.5,7246.4,48021,48009,48021,48064.3,0.1125,0.1187,0.1833,0.1125,0.1381,0.1375,0.1437,0.2083,0.1375,0.1632,0.0902,0.1152,0.0392,0.0708,False,False,False,False,unchanged,False,48098,48125,48152,48075,48078,48152,48075,48078,48144,48075,48078,48109
XL-n1654-k11,1654,11,150.273,36474,36420,36433,36420,36442.3,36474,116,116,116,7226.1,7218.8,7214.3,36385,36370,36385,36429.1,0.2446,0.0962,0.1319,0.0962,0.1576,0.2859,0.1375,0.1732,0.1375,0.1989,0.1212,0.1625,0.0775,0.1485,False,False,True,False,unchanged,False,36517,36523,36471,36507,36434,36466,36475,36431,36456,36474,36420,36433
XL-n1701-k562,1701,562,3.025,521696,521738,521706,521696,521713.3,521738,108,112,113,7272.2,7244.6,7268.4,521136,520843,521136,521380.5,0.1075,0.1155,0.1094,0.1075,0.1108,0.1638,0.1718,0.1657,0.1638,0.1671,0.0469,0.1032,0.0042,0.0081,False,False,False,False,unchanged,False,522101,521750,521706,521696,521750,521706,521696,521738,521706,521696,521738,521706
XL-n1748-k271,1748,271,6.446,174166,174256,174204,174166,174208.7,174256,97,105,108,7280.8,7245.8,7254.2,173896,173759,173896,174027.2,0.1553,0.207,0.1771,0.1553,0.1798,0.2342,0.286,0.2561,0.2342,0.2588,0.0754,0.1544,0.026,0.0518,False,False,False,False,unchanged,False,174166,174304,174302,174166,174287,174257,174166,174256,174215,174166,174256,174204
XL-n1794-k163,1794,163,11.0,141783,141791,141732,141732,141768.7,141791,111,116,116,7289.4,7245.6,7232.9,141729,141724,141729,141777.6,0.0381,0.0437,0.0021,0.0021,0.028,0.0416,0.0473,0.0056,0.0056,0.0315,0.0343,0.0378,0.0226,0.0416,False,False,True,False,unchanged,False,141826,141879,141925,141788,141802,141810,141788,141792,141784,141783,141791,141732
XL-n1841-k126,1841,126,14.603,214193,214238,214348,214193,214259.7,214348,113,115,116,7230.4,7212.7,7238.7,214038,213981,214038,214142.6,0.0724,0.0934,0.1448,0.0724,0.1036,0.0991,0.1201,0.1715,0.0991,0.1302,0.0489,0.0755,0.0373,0.0724,False,False,False,False,unchanged,False,214244,214357,214506,214244,214357,214388,214193,214264,214348,214193,214238,214348
XL-n1888-k82,1888,82,23.012,143965,143852,143877,143852,143898.0,143965,109,116,116,7257.1,7222.8,7220.9,143623,143558,143623,143733.5,0.2381,0.1594,0.1769,0.1594,0.1915,0.2835,0.2048,0.2222,0.2048,0.2368,0.0769,0.1223,0.0413,0.0787,False,False,False,False,unchanged,False,144012,144020,143994,143965,143957,143948,143965,143852,143877,143965,143852,143877
XL-n1934-k46,1934,46,42.022,53118,53137,53230,53118,53161.7,53230,109,113,115,7270.7,7231.3,7243.8,53013,52980,53013,53067.3,0.1981,0.2339,0.4093,0.1981,0.2804,0.2605,0.2963,0.4719,0.2605,0.3429,0.1024,0.1648,0.1131,0.2114,False,False,False,False,unchanged,False,53186,53216,53292,53139,53137,53254,53139,53137,53254,53118,53137,53230
XL-n1981-k13,1981,13,152.308,32638,32680,32659,32638,32659.0,32680,104,113,115,7229.1,7234.3,7217.4,32580,32546,32580,32639.1,0.178,0.3069,0.2425,0.178,0.2425,0.2827,0.4117,0.3472,0.2827,0.3472,0.1814,0.2861,0.0645,0.129,False,False,True,False,unchanged,False,32808,32722,32807,32743,32691,32664,32669,32683,32660,32638,32680,32659
XL-n2028-k617,2028,617,3.285,545012,544997,544872,544872,544960.3,545012,86,99,107,7236.7,7266.1,7246.6,544403,544166,544403,544596.6,0.1119,0.1091,0.0861,0.0861,0.1024,0.1555,0.1527,0.1297,0.1297,0.146,0.0356,0.0791,0.0141,0.0257,False,False,False,False,unchanged,False,545493,545095,545058,545377,544997,544872,545189,544997,544872,545012,544997,544872
XL-n2074-k264,2074,264,7.852,422390,422507,422393,422390,422430.0,422507,107,112,114,7203.4,7251.7,7251.0,421627,421250,421627,421805.0,0.181,0.2087,0.1817,0.181,0.1905,0.2706,0.2984,0.2713,0.2706,0.2801,0.0422,0.1318,0.0158,0.0278,False,False,False,False,unchanged,False,422974,422570,422393,422883,422507,422393,422883,422507,422393,422390,422507,422393
XL-n2121-k186,2121,186,11.398,283621,283546,283450,283450,283539.0,283621,102,111,113,7279.9,7235.7,7264.8,283211,283105,283211,283323.6,0.1448,0.1183,0.0844,0.0844,0.1158,0.1823,0.1558,0.1219,0.1219,0.1533,0.0398,0.0772,0.0303,0.0604,False,False,False,False,unchanged,False,283845,283639,283596,283690,283624,283596,283690,283546,283450,283621,283546,283450
XL-n2168-k138,2168,138,15.703,127727,127607,127686,127607,127673.3,127727,105,110,113,7291.7,7205.4,7241.7,127298,127210,127298,127450.2,0.337,0.2427,0.3048,0.2427,0.2948,0.4064,0.3121,0.3742,0.3121,0.3642,0.1196,0.1888,0.0479,0.0943,False,False,False,False,unchanged,False,127835,127859,127705,127727,127842,127686,127727,127698,127686,127727,127607,127686
XL-n2214-k131,2214,131,16.893,154794,154796,154761,154761,154783.7,154796,95,103,107,7272.9,7242.8,7234.9,154676,154652,154676,154722.4,0.0763,0.0776,0.055,0.055,0.0696,0.0918,0.0931,0.0705,0.0705,0.0851,0.03,0.0455,0.0127,0.0226,False,False,False,False,unchanged,False,154821,154802,154857,154794,154802,154777,154794,154802,154777,154794,154796,154761
XL-n2261-k54,2261,54,41.852,99186,99198,99161,99161,99181.7,99198,88,103,102,7263.6,7308.9,7253.0,98907,98826,98907,98993.6,0.2821,0.2942,0.2568,0.2568,0.2777,0.3643,0.3764,0.339,0.339,0.3599,0.0876,0.1696,0.0191,0.0374,False,False,False,False,unchanged,False,99371,99214,99312,99186,99214,99259,99186,99213,99223,99186,99198,99161
XL-n2307-k34,2307,34,67.824,48030,48015,48053,48015,48032.7,48053,104,107,112,7211.2,7227.4,7212.6,47958,47936,47958,48020.2,0.1501,0.1189,0.1981,0.1189,0.1557,0.1961,0.1648,0.2441,0.1648,0.2017,0.1297,0.1757,0.0399,0.0793,False,False,True,False,unchanged,False,48252,48091,48128,48084,48091,48053,48030,48091,48053,48030,48015,48053
XL-n2354-k631,2354,631,3.729,941263,941271,941098,941098,941210.7,941271,92,105,103,7230.3,7266.1,7250.9,940825,940634,940825,940960.9,0.0466,0.0474,0.029,0.029,0.041,0.0669,0.0677,0.0493,0.0493,0.0613,0.0144,0.0348,0.0104,0.0184,False,False,False,False,unchanged,False,941327,941271,941370,941275,941271,941098,941263,941271,941098,941263,941271,941098
XL-n2401-k408,2401,408,5.882,464239,464192,464476,464192,464302.3,464476,90,101,109,7308.4,7270.3,7250.2,463473,463084,463473,463673.4,0.1653,0.1551,0.2164,0.1551,0.1789,0.2494,0.2393,0.3006,0.2393,0.2631,0.0432,0.1273,0.0329,0.0613,False,False,False,False,unchanged,False,464239,464192,464604,464239,464192,464508,464239,464192,464476,464239,464192,464476
XL-n2447-k290,2447,290,8.434,219024,219105,219126,219024,219085.0,219126,69,86,91,7232.5,7239.7,7282.7,218706,218633,218706,218821.4,0.1454,0.1824,0.192,0.1454,0.1733,0.1788,0.2159,0.2255,0.1788,0.2067,0.0528,0.0862,0.0246,0.0467,False,False,False,False,unchanged,False,219026,219249,219333,219026,219153,219333,219024,219153,219232,219024,219105,219126
XL-n2494-k194,2494,194,12.851,361573,361485,361564,361485,361540.7,361573,74,86,101,7361.1,7205.8,7289.8,361205,361057,361205,361273.1,0.1019,0.0775,0.0994,0.0775,0.0929,0.1429,0.1185,0.1404,0.1185,0.134,0.0189,0.0599,0.0134,0.0244,False,False,False,False,unchanged,False,361580,361708,361564,361580,361550,361564,361573,361542,361564,361573,361485,361564
XL-n2541-k121,2541,121,20.992,146527,146515,146663,146515,146568.3,146663,95,100,108,7321.8,7245.4,7290.5,146390,146345,146390,146489.1,0.0936,0.0854,0.1865,0.0854,0.1218,0.1244,0.1162,0.2173,0.1162,0.1526,0.0677,0.0985,0.0562,0.1011,False,False,False,False,unchanged,False,146605,146601,146678,146579,146579,146664,146579,146557,146663,146527,146515,146663
XL-n2587-k66,2587,66,39.182,73592,73596,73627,73592,73605.0,73627,90,99,107,7305.0,7245.8,7260.3,73394,73254,73451,73520.7,0.2698,0.2752,0.3175,0.2698,0.2875,0.4614,0.4669,0.5092,0.4614,0.4792,0.1726,0.3641,0.0262,0.0478,False,False,False,False,unchanged,False,73659,73705,73731,73601,73689,73639,73592,73596,73627,73592,73596,73627
XL-n2634-k17,2634,17,154.882,31909,31977,31910,31909,31932.0,31977,82,92,102,7200.6,7221.7,7216.3,31641,31619,31657,31781.0,0.847,1.0619,0.8502,0.847,0.9197,0.9172,1.1322,0.9203,0.9172,0.9899,0.4425,0.5124,0.1233,0.2151,False,False,False,False,unchanged,False,31986,32015,32016,31968,31977,31978,31909,31977,31964,31909,31977,31922
XL-n2681-k540,2681,540,4.963,800238,799847,799963,799847,800016.0,800238,70,82,90,7298.7,7231.2,7245.7,798603,797906,798603,798950.4,0.2047,0.1558,0.1703,0.1558,0.1769,0.2923,0.2433,0.2578,0.2433,0.2644,0.0435,0.1309,0.0252,0.049,False,False,False,False,unchanged,False,800598,800172,801162,800598,799847,799993,800238,799847,799963,800238,799847,799963
XL-n2727-k546,2727,546,4.993,431175,431171,431195,431171,431180.3,431195,72,87,92,7293.0,7244.6,7260.0,431134,431108,431134,431173.0,0.0095,0.0086,0.0141,0.0086,0.0107,0.0155,0.0146,0.0202,0.0146,0.0168,0.009,0.0151,0.003,0.0056,False,False,True,False,unchanged,False,431211,431261,431218,431211,431232,431195,431175,431171,431195,431175,431171,431195
XL-n2774-k286,2774,286,9.696,408535,408424,408501,408424,408486.7,408535,67,80,92,7241.1,7230.6,7230.3,407847,407617,407847,408000.2,0.1687,0.1415,0.1604,0.1415,0.1568,0.2252,0.198,0.2169,0.198,0.2134,0.0376,0.094,0.014,0.0272,False,False,False,False,unchanged,False,408558,408764,408540,408558,408573,408534,408535,408455,408523,408535,408424,408501
XL-n2821-k208,2821,208,13.558,217125,217152,217118,217118,217131.7,217152,84,97,106,7200.6,7216.8,7201.8,216763,216622,216763,216868.8,0.167,0.1795,0.1638,0.1638,0.1701,0.2322,0.2447,0.229,0.229,0.2353,0.0488,0.1139,0.0083,0.0157,False,False,False,False,unchanged,False,217315,217256,217294,217125,217159,217251,217125,217152,217148,217125,217152,217118
XL-n2867-k120,2867,120,23.883,166180,166172,166191,166172,166181.0,166191,85,94,98,7254.8,7202.1,7253.6,165990,165916,165990,166056.6,0.1145,0.1096,0.1211,0.1096,0.1151,0.1591,0.1543,0.1657,0.1543,0.1597,0.0401,0.0847,0.0057,0.0115,False,False,False,False,unchanged,False,166270,166172,166252,166188,166172,166194,166180,166172,166191,166180,166172,166191
XL-n2914-k95,2914,95,30.663,89326,89238,89301,89238,89288.3,89326,67,81,80,7240.6,7263.3,7263.2,88990,88902,88990,89080.2,0.3776,0.2787,0.3495,0.2787,0.3352,0.4769,0.3779,0.4488,0.3779,0.4346,0.1014,0.2004,0.051,0.099,False,False,False,False,unchanged,False,89395,89362,89415,89326,89318,89388,89326,89238,89341,89326,89238,89301
XL-n2961-k55,2961,55,53.818,108492,108416,108419,108416,108442.3,108492,83,95,98,7276.6,7250.6,7263.6,108084,107945,108084,108200.9,0.3775,0.3072,0.3099,0.3072,0.3315,0.5067,0.4363,0.4391,0.4363,0.4607,0.1082,0.2371,0.0399,0.0704,False,False,False,False,unchanged,False,108597,108449,108657,108597,108449,108559,108492,108449,108557,108492,108416,108419
XL-n3007-k658,3007,658,4.568,522860,522888,522857,522857,522868.3,522888,82,94,102,7303.6,7243.0,7240.3,522319,522126,522319,522458.9,0.1036,0.1089,0.103,0.103,0.1052,0.1406,0.1459,0.14,0.14,0.1422,0.0268,0.0638,0.0033,0.0059,False,False,False,False,unchanged,False,523022,522893,522992,522917,522893,522977,522898,522888,522867,522860,522888,522857
XL-n3054-k461,3054,461,6.623,783949,783868,783840,783840,783885.7,783949,71,87,93,7299.6,7324.1,7248.2,782739,782194,782739,783022.3,0.1546,0.1442,0.1407,0.1407,0.1465,0.2244,0.214,0.2104,0.2104,0.2163,0.0362,0.1059,0.0072,0.0139,False,False,False,False,unchanged,False,784197,784132,784194,784197,784132,783840,783949,783868,783840,783949,783868,783840
XL-n3101-k311,3101,311,9.968,246349,246245,246286,246245,246293.3,246349,71,78,80,7336.4,7307.0,7276.4,245937,245766,245937,246059.9,0.1675,0.1252,0.1419,0.1252,0.1449,0.2372,0.1949,0.2116,0.1949,0.2146,0.05,0.1196,0.0213,0.0423,False,False,False,False,unchanged,False,246555,246423,246390,246411,246275,246355,246357,246275,246286,246349,246245,246286
XL-n3147-k232,3147,232,13.56,257015,257027,257010,257010,257017.3,257027,74,87,94,7339.4,7253.3,7255.6,256626,256417,256626,256746.6,0.1516,0.1563,0.1496,0.1496,0.1525,0.2332,0.2379,0.2313,0.2313,0.2341,0.047,0.1285,0.0034,0.0066,False,False,False,False,unchanged,False,257129,257210,257204,257095,257027,257170,257015,257027,257010,257015,257027,257010
XL-n3194-k161,3194,161,19.832,149190,149346,149213,149190,149249.7,149346,79,90,98,7329.3,7217.5,7204.2,148728,148596,148728,148905.3,0.3106,0.4155,0.3261,0.3106,0.3508,0.3997,0.5047,0.4152,0.3997,0.4399,0.1192,0.2081,0.0567,0.105,False,False,False,False,unchanged,False,149402,149407,149363,149346,149346,149213,149190,149346,149213,149190,149346,149213
XL-n3241-k115,3241,115,28.174,221674,221734,221680,221674,221696.0,221734,52,66,65,7308.1,7300.1,7304.5,221370,221249,221370,221468.2,0.1373,0.1644,0.14,0.1373,0.1473,0.1921,0.2192,0.1948,0.1921,0.202,0.0444,0.0991,0.0149,0.0271,False,False,False,False,unchanged,False,221716,221805,221680,221674,221805,221680,221674,221789,221680,221674,221734,221680
XL-n3287-k30,3287,30,109.533,40313,40336,40288,40288,40312.3,40336,73,75,87,7263.3,7259.9,7231.7,40229,40190,40229,40264.9,0.2088,0.266,0.1467,0.1467,0.2071,0.306,0.3633,0.2438,0.2438,0.3044,0.0892,0.1864,0.0597,0.1194,False,False,False,False,unchanged,False,40345,40429,40379,40313,40352,40301,40313,40336,40298,40313,40336,40288
XL-n3334-k934,3334,934,3.569,1453339,1453527,1453192,1453192,1453352.7,1453527,76,88,98,7316.1,7231.1,7238.9,1452698,1452353,1452698,1452950.7,0.0441,0.0571,0.034,0.034,0.0451,0.0679,0.0808,0.0578,0.0578,0.0688,0.0174,0.0412,0.0116,0.0231,False,False,False,False,unchanged,False,1453721,1453805,1453819,1453532,1453805,1453640,1453339,1453527,1453397,1453339,1453527,1453192
XL-n3408-k524,3408,524,6.502,679708,679927,679940,679708,679858.3,679940,70,78,90,7290.7,7274.1,7265.8,678643,678024,678643,678911.7,0.1569,0.1892,0.1911,0.1569,0.1791,0.2484,0.2807,0.2826,0.2484,0.2705,0.0396,0.1309,0.0192,0.0342,False,False,False,False,unchanged,False,680280,680408,680278,679864,680155,679940,679864,679927,679940,679708,679927,679940
XL-n3484-k436,3484,436,7.989,703527,703472,703545,703472,703514.7,703545,50,65,79,7291.3,7244.5,7265.9,703355,703319,703355,703416.8,0.0245,0.0166,0.027,0.0166,0.0227,0.0296,0.0218,0.0321,0.0218,0.0278,0.0088,0.0139,0.0054,0.0104,False,False,False,False,unchanged,False,703632,703644,703580,703560,703556,703545,703527,703556,703545,703527,703472,703545
XL-n3561-k229,3561,229,15.546,210006,209939,210064,209939,210003.0,210064,67,82,93,7207.6,7344.4,7281.8,209386,209191,209386,209555.6,0.2961,0.2641,0.3238,0.2641,0.2947,0.3896,0.3576,0.4173,0.3576,0.3882,0.081,0.1743,0.0299,0.0598,False,False,False,True,spacing,False,210006,210066,210118,210006,209939,210064,210006,209939,210064,210006,209939,210064
XL-n3640-k211,3640,211,17.246,190198,190159,190228,190159,190195.0,190228,70,84,95,7241.9,7232.4,7293.0,189724,189531,189724,189838.6,0.2498,0.2293,0.2656,0.2293,0.2483,0.3519,0.3313,0.3677,0.3313,0.3503,0.0604,0.1623,0.0183,0.0364,False,False,False,True,spacing,False,190365,190255,190369,190198,190159,190235,190198,190159,190235,190198,190159,190228
XL-n3721-k77,3721,77,48.312,163469,163421,163195,163195,163361.7,163469,47,59,59,7239.5,7241.3,7364.1,162862,162630,162862,162970.3,0.3727,0.3432,0.2045,0.2045,0.3068,0.5159,0.4864,0.3474,0.3474,0.4499,0.0665,0.2092,0.09,0.1685,False,False,False,True,route_cap,False,163554,163498,163354,163499,163498,163206,163486,163464,163206,163469,163421,163195
XL-n3804-k29,3804,29,131.138,52924,52959,52936,52924,52939.7,52959,76,83,95,7270.7,7218.1,7242.3,52885,52838,52885,52935.8,0.0737,0.1399,0.0964,0.0737,0.1034,0.1628,0.229,0.1855,0.1628,0.1924,0.0961,0.1851,0.0337,0.0662,False,False,True,True,route_cap,False,53104,53086,53077,52999,52994,53044,52965,52968,52991,52924,52959,52936
XL-n3888-k1010,3888,1010,3.849,1880215,1880657,1881598,1880215,1880823.3,1881598,45,66,66,7301.6,7241.2,7263.2,1880368,1877119,1880368,1882369.0,-0.0081,0.0154,0.0654,-0.0081,0.0242,0.1649,0.1885,0.2386,0.1649,0.1973,0.1064,0.2797,0.0376,0.0737,True,False,True,True,spacing,False,1886807,1885090,1884349,1881869,1883441,1883953,1880601,1880657,1881598,1880215,1880657,1881598
XL-n3975-k687,3975,687,5.785,526564,526539,526535,526535,526546.0,526564,61,75,88,7220.7,7222.4,7271.3,525901,525560,525901,526048.1,0.1261,0.1213,0.1206,0.1206,0.1226,0.191,0.1863,0.1855,0.1855,0.1876,0.028,0.0929,0.003,0.0055,False,False,False,True,spacing,False,526830,526795,526717,526693,526600,526704,526693,526553,526535,526564,526539,526535
XL-n4063-k347,4063,347,11.706,549989,550015,550023,549989,550009.0,550023,62,79,89,7249.1,7252.3,7260.1,548931,548330,548931,549115.2,0.1927,0.1975,0.1989,0.1927,0.1964,0.3026,0.3073,0.3088,0.3026,0.3062,0.0336,0.1432,0.0032,0.0062,False,False,False,True,spacing,False,550458,550196,550280,549989,550196,550280,549989,550196,550280,549989,550015,550023
XL-n4153-k291,4153,291,14.268,356513,356663,356689,356513,356621.7,356689,49,59,61,7303.3,7237.3,7304.7,356034,355780,356034,356149.2,0.1345,0.1767,0.184,0.1345,0.1651,0.206,0.2482,0.2555,0.206,0.2366,0.0324,0.1038,0.0267,0.0495,False,False,False,True,spacing,False,356601,356738,356692,356520,356680,356692,356520,356680,356692,356513,356663,356689
XL-n4245-k203,4245,203,20.906,229846,229900,230014,229846,229920.0,230014,63,77,86,7251.4,7358.8,7254.1,229659,229521,229659,229743.2,0.0814,0.1049,0.1546,0.0814,0.1136,0.1416,0.1651,0.2148,0.1416,0.1738,0.0367,0.0968,0.0374,0.0732,False,False,False,True,spacing,False,229977,230029,230091,229846,229936,230064,229846,229900,230064,229846,229900,230014
XL-n4340-k148,4340,148,29.318,245066,245007,245218,245007,245097.0,245218,57,69,77,7279.1,7211.4,7318.0,244226,243895,244226,244431.7,0.3439,0.3198,0.4062,0.3198,0.3566,0.4801,0.4559,0.5424,0.4559,0.4928,0.0842,0.2201,0.0446,0.0865,False,False,False,True,spacing,False,245155,245333,245542,245155,245265,245218,245066,245265,245218,245066,245007,245218
XL-n4436-k48,4436,48,92.396,61621,61672,61607,61607,61633.3,61672,43,54,68,7264.7,7315.3,7229.0,61477,61431,61477,61583.1,0.2342,0.3172,0.2115,0.2115,0.2543,0.3093,0.3923,0.2865,0.2865,0.3294,0.1726,0.2476,0.0557,0.1058,False,False,False,True,route_cap,False,61686,61692,61723,61639,61686,61683,61621,61672,61637,61621,61672,61607
XL-n4535-k1134,4535,1134,3.998,1203629,1203635,1203640,1203629,1203634.7,1203640,40,56,61,7247.6,7238.2,7264.0,1203566,1203512,1203566,1203606.7,0.0052,0.0057,0.0061,0.0052,0.0057,0.0097,0.0102,0.0106,0.0097,0.0102,0.0034,0.0079,0.0005,0.0009,False,False,False,False,unchanged,False,1203629,1203635,1203769,1203629,1203635,1203680,1203629,1203635,1203640,1203629,1203635,1203640
XL-n4635-k790,4635,790,5.866,612449,612416,612632,612416,612499.0,612632,51,62,74,7269.0,7267.1,7312.1,610650,609734,610650,610947.8,0.2946,0.2892,0.3246,0.2892,0.3028,0.4453,0.4399,0.4753,0.4399,0.4535,0.0488,0.1991,0.0191,0.0354,False,False,False,False,unchanged,False,612449,612751,612892,612449,612416,612826,612449,612416,612826,612449,612416,612632
XL-n4738-k487,4738,487,9.727,762247,762255,762178,762178,762226.7,762255,59,69,83,7286.3,7266.5,7266.7,760501,759649,760501,760787.8,0.2296,0.2306,0.2205,0.2205,0.2269,0.342,0.3431,0.3329,0.3329,0.3393,0.0377,0.1499,0.0056,0.0101,False,False,False,False,unchanged,False,762264,763157,763069,762247,762255,762178,762247,762255,762178,762247,762255,762178
XL-n4844-k321,4844,321,15.087,405484,405373,405362,405362,405406.3,405484,57,75,83,7325.2,7283.6,7290.4,404652,404429,404652,404837.3,0.2056,0.1782,0.1755,0.1755,0.1864,0.2609,0.2334,0.2307,0.2307,0.2417,0.0458,0.101,0.0167,0.0302,False,False,False,False,unchanged,False,405788,405540,405761,405569,405540,405635,405502,405373,405483,405484,405373,405362
XL-n4951-k203,4951,203,24.384,286057,286286,286197,286057,286180.0,286286,46,58,59,7358.1,7261.4,7208.4,285269,284769,285269,285390.1,0.2762,0.3565,0.3253,0.2762,0.3193,0.4523,0.5327,0.5015,0.4523,0.4955,0.0425,0.2181,0.0405,0.0804,False,False,False,False,unchanged,False,286397,286516,286543,286177,286421,286433,286177,286286,286394,286057,286286,286197
XL-n5061-k184,5061,184,27.5,161994,162048,161999,161994,162013.7,162048,42,57,67,7237.3,7292.0,7257.7,161629,161480,161629,161716.7,0.2258,0.2592,0.2289,0.2258,0.238,0.3183,0.3517,0.3214,0.3183,0.3305,0.0543,0.1466,0.0185,0.0334,False,False,False,False,unchanged,False,162017,162119,162146,162017,162053,162023,162001,162048,162023,161994,162048,161999
XL-n5174-k55,5174,55,94.055,61875,61712,61776,61712,61787.7,61875,48,57,56,7303.9,7289.6,7230.9,61382,61254,61382,61491.6,0.8032,0.5376,0.6419,0.5376,0.6609,1.0138,0.7477,0.8522,0.7477,0.8712,0.1786,0.3879,0.1341,0.2661,False,False,False,True,route_cap,False,62119,61738,61997,61960,61738,61868,61876,61712,61802,61875,61712,61776
XL-n5288-k1246,5288,1246,4.243,1962645,1961862,1962294,1961862,1962267.0,1962645,56,63,79,7279.1,7295.5,7275.6,1960101,1958205,1960101,1960957.8,0.1298,0.0898,0.1119,0.0898,0.1105,0.2267,0.1868,0.2088,0.1868,0.2074,0.0437,0.1406,0.02,0.04,False,False,False,False,unchanged,False,1962645,1962791,1963371,1962645,1961862,1963371,1962645,1961862,1962294,1962645,1961862,1962294
XL-n5406-k783,5406,783,6.903,1041298,1041365,1041330,1041298,1041331.0,1041365,42,50,54,7275.0,7252.5,7263.9,1040536,1040141,1040536,1040723.8,0.0732,0.0797,0.0763,0.0732,0.0764,0.1112,0.1177,0.1143,0.1112,0.1144,0.018,0.056,0.0032,0.0064,False,False,False,False,unchanged,False,1041805,1041877,1041978,1041380,1041594,1041614,1041317,1041365,1041614,1041317,1041365,1041330
XL-n5526-k553,5526,553,9.991,337153,337173,337149,337149,337158.3,337173,34,49,56,7308.7,7294.5,7283.1,336898,336843,336898,336984.8,0.0757,0.0816,0.0745,0.0745,0.0773,0.092,0.098,0.0908,0.0908,0.0936,0.0258,0.0421,0.0038,0.0071,False,False,False,False,unchanged,False,337253,337173,337246,337231,337173,337171,337174,337173,337149,337153,337173,337149
XL-n5649-k401,5649,401,14.085,645567,645721,645479,645479,645589.0,645721,50,62,75,7271.8,7249.8,7284.0,644866,644562,644866,644987.8,0.1087,0.1326,0.0951,0.0951,0.1121,0.1559,0.1798,0.1423,0.1423,0.1593,0.0189,0.0661,0.019,0.0375,False,False,False,False,unchanged,False,646030,645809,645784,645711,645809,645784,645567,645764,645651,645567,645721,645479
XL-n5774-k290,5774,290,19.907,250921,251022,250996,250921,250979.7,251022,46,53,63,7234.5,7262.6,7236.0,250207,249895,250207,250337.8,0.2854,0.3257,0.3153,0.2854,0.3088,0.4106,0.451,0.4406,0.4106,0.434,0.0523,0.1772,0.021,0.0404,False,False,False,False,unchanged,False,251015,251358,251351,251015,251090,251123,250921,251022,251123,250921,251022,250996
XL-n5902-k122,5902,122,48.369,218609,218735,218452,218452,218598.7,218735,40,51,53,7318.7,7298.0,7270.9,217447,217012,217447,217689.0,0.5344,0.5923,0.4622,0.4622,0.5296,0.7359,0.794,0.6636,0.6636,0.7311,0.1113,0.312,0.0653,0.1304,False,False,False,True,spacing,False,218831,219102,218953,218666,218794,218696,218609,218794,218452,218609,218735,218452
XL-n6034-k61,6034,61,98.902,64812,64913,65094,64812,64939.7,65094,39,45,43,7204.8,7303.1,7206.4,64448,64251,64453,64676.8,0.5648,0.7215,1.0024,0.5648,0.7629,0.8731,1.0303,1.312,0.8731,1.0718,0.355,0.6627,0.2224,0.4389,False,False,False,True,route_cap,False,65057,65131,65197,65024,65063,65131,64812,64913,65125,64812,64913,65094
XL-n6168-k1922,6168,1922,3.209,1534945,1532658,1532990,1532658,1533531.0,1534945,44,58,68,7288.4,7340.9,7306.3,1530010,1527390,1530010,1530476.6,0.3225,0.1731,0.1948,0.1731,0.2301,0.4946,0.3449,0.3666,0.3449,0.4021,0.0305,0.2021,0.0809,0.1497,False,False,False,False,unchanged,False,1535488,1534084,1534078,1535465,1532658,1534078,1535312,1532658,1532990,1534945,1532658,1532990
XL-n6305-k1042,6305,1042,6.05,1180242,1179538,1179914,1179538,1179898.0,1180242,39,44,49,7255.0,7329.9,7235.5,1177528,1176002,1177528,1177837.0,0.2305,0.1707,0.2026,0.1707,0.2013,0.3605,0.3007,0.3327,0.3007,0.3313,0.0262,0.156,0.03,0.0599,False,False,False,False,unchanged,False,1181414,1181004,1181380,1180242,1179726,1180190,1180242,1179538,1180190,1180242,1179538,1179914
XL-n6445-k628,6445,628,10.261,997627,997882,997631,997627,997713.3,997882,44,54,63,7297.6,7303.4,7208.5,996623,996117,996623,996804.7,0.1007,0.1263,0.1011,0.1007,0.1094,0.1516,0.1772,0.152,0.1516,0.1603,0.0182,0.069,0.0147,0.0256,False,False,False,False,unchanged,False,998042,997987,998025,997777,997987,997765,997627,997882,997631,997627,997882,997631
XL-n6588-k473,6588,473,13.926,334693,334846,334829,334693,334789.3,334846,40,47,50,7323.6,7202.1,7280.6,334068,333822,334068,334232.1,0.1871,0.2329,0.2278,0.1871,0.2159,0.2609,0.3068,0.3017,0.2609,0.2898,0.0491,0.1228,0.0251,0.0458,False,False,False,False,unchanged,False,335164,335099,335213,334857,334935,334949,334693,334911,334928,334693,334846,334829
XL-n6734-k330,6734,330,20.403,449126,449068,449494,449068,449229.3,449494,31,37,40,7310.8,7289.2,7264.6,448031,447486,448031,448257.5,0.2444,0.2315,0.3265,0.2315,0.2675,0.3665,0.3535,0.4487,0.3535,0.3896,0.0506,0.1724,0.0516,0.0952,False,False,False,False,unchanged,False,449517,449769,449796,449126,449639,449494,449126,449450,449494,449126,449068,449494
XL-n6884-k148,6884,148,46.507,182488,182593,182403,182403,182494.7,182593,29,37,40,7518.7,7281.2,7297.2,181809,181585,181809,181960.4,0.3735,0.4312,0.3267,0.3267,0.3771,0.4973,0.5551,0.4505,0.4505,0.501,0.0833,0.2067,0.0524,0.1046,False,False,False,True,spacing,False,182626,182890,182441,182588,182642,182403,182488,182593,182403,182488,182593,182403
XL-n7037-k38,7037,38,185.158,71067,71138,71041,71041,71082.0,71138,36,50,56,7257.6,7266.5,7240.1,70845,70760,70845,70906.9,0.3134,0.4136,0.2767,0.2767,0.3345,0.4339,0.5342,0.3971,0.3971,0.4551,0.0874,0.2076,0.071,0.1371,False,False,False,True,route_cap,False,71163,71358,71583,71114,71203,71359,71068,71138,71146,71067,71138,71041
XL-n7193-k1683,7193,1683,4.273,2960385,2960255,2960369,2960255,2960336.3,2960385,29,39,42,7300.6,7304.8,7207.8,2958979,2958205,2958979,2959237.4,0.0475,0.0431,0.047,0.0431,0.0459,0.0737,0.0693,0.0732,0.0693,0.072,0.0087,0.0349,0.0024,0.0044,False,False,False,False,unchanged,False,2960752,2960619,2961067,2960540,2960619,2960763,2960385,2960619,2960759,2960385,2960255,2960369
XL-n7353-k1471,7353,1471,4.998,1538039,1538087,1538064,1538039,1538063.3,1538087,37,50,55,7376.8,7304.2,7245.6,1537811,1537702,1537811,1537904.2,0.0148,0.0179,0.0165,0.0148,0.0164,0.0219,0.025,0.0235,0.0219,0.0235,0.0061,0.0131,0.0016,0.0031,False,False,False,False,unchanged,False,1538111,1538278,1538336,1538077,1538278,1538162,1538039,1538087,1538064,1538039,1538087,1538064
XL-n7516-k859,7516,859,8.749,575453,575265,575624,575265,575447.3,575624,30,36,42,7301.9,7335.0,7304.8,573902,572984,573902,574104.2,0.2703,0.2375,0.3001,0.2375,0.2693,0.4309,0.3981,0.4607,0.3981,0.4299,0.0352,0.1955,0.0313,0.0627,False,False,False,False,unchanged,False,575561,575917,576173,575453,575265,575624,575453,575265,575624,575453,575265,575624
XL-n7683-k602,7683,602,12.761,703772,703780,703837,703772,703796.3,703837,29,33,35,7406.2,7491.8,7233.9,702098,701151,702098,702303.9,0.2384,0.2396,0.2477,0.2384,0.2419,0.3738,0.375,0.3831,0.3738,0.3773,0.0293,0.1644,0.0051,0.0093,False,False,False,False,unchanged,False,704098,704153,704256,703952,703780,703935,703772,703780,703935,703772,703780,703837
XL-n7854-k365,7854,365,21.515,659670,659532,659722,659532,659641.3,659722,22,29,29,7770.6,7527.1,7455.5,659221,659075,659221,659311.3,0.0681,0.0472,0.076,0.0472,0.0638,0.0903,0.0693,0.0982,0.0693,0.0859,0.0137,0.0359,0.0149,0.0288,False,False,False,False,unchanged,False,660076,660005,659767,659776,659795,659722,659708,659682,659722,659670,659532,659722
XL-n8028-k294,8028,294,27.303,267870,267894,267983,267870,267915.7,267983,34,46,45,7369.1,7215.5,7290.0,266900,266295,266900,267065.9,0.3634,0.3724,0.4058,0.3634,0.3805,0.5914,0.6005,0.6339,0.5914,0.6086,0.0622,0.2895,0.0224,0.0424,False,False,False,False,unchanged,False,268180,268164,268475,268000,268079,268192,267870,267946,267983,267870,267894,267983
XL-n8207-k108,8207,108,75.981,118748,118870,119141,118748,118919.7,119141,26,30,33,7234.3,7535.5,7377.4,118274,118050,118274,118509.0,0.4008,0.5039,0.733,0.4008,0.5459,0.5913,0.6946,0.9242,0.5913,0.7367,0.1987,0.3888,0.1704,0.3329,False,False,False,True,route_cap,False,119226,118956,119573,118982,118885,119156,118776,118885,119155,118748,118885,119141
XL-n8389-k2028,8389,2028,4.136,3366291,3364681,3368656,3364681,3366542.7,3368656,29,29,33,7507.9,7232.0,7234.8,3358731,3353305,3358731,3359593.2,0.2251,0.1772,0.2955,0.1772,0.2326,0.3873,0.3392,0.4578,0.3392,0.3948,0.0257,0.1875,0.0596,0.1185,False,False,False,False,unchanged,False,3370976,3367881,3370583,3366291,3367382,3368909,3366291,3364932,3368656,3366291,3364681,3368656
XL-n8575-k1297,8575,1297,6.611,1089997,1090279,1090142,1089997,1090139.3,1090279,34,42,48,7627.3,7293.3,7282.6,1089137,1088376,1089137,1089360.7,0.079,0.1049,0.0923,0.079,0.092,0.1489,0.1748,0.1623,0.1489,0.162,0.0205,0.0905,0.013,0.0259,False,False,False,False,unchanged,False,1091193,1090849,1091114,1090349,1090508,1090552,1089997,1090508,1090535,1089997,1090279,1090142
XL-n8766-k1032,8766,1032,8.493,908568,907882,908872,907882,908440.7,908872,27,30,34,7484.7,7474.8,7284.9,906406,905060,906406,906592.3,0.2385,0.1628,0.2721,0.1628,0.2245,0.3876,0.3118,0.4212,0.3118,0.3735,0.0206,0.1693,0.056,0.1094,False,False,False,False,unchanged,False,909330,908639,908958,908695,908194,908929,908629,907882,908872,908629,907882,908872
XL-n8960-k634,8960,634,14.131,774077,774220,774390,774077,774229.0,774390,26,29,31,7263.1,7325.5,7239.8,773383,772906,773383,773515.7,0.0897,0.1082,0.1302,0.0897,0.1094,0.1515,0.17,0.192,0.1515,0.1712,0.0172,0.0789,0.0203,0.0405,False,False,False,False,unchanged,False,774684,774341,774527,774299,774308,774433,774299,774308,774390,774299,774220,774390
XL-n9160-k379,9160,379,24.166,325176,325378,325288,325176,325280.7,325378,30,37,43,7370.5,7257.4,7328.1,324092,323596,324092,324277.1,0.3345,0.3968,0.369,0.3345,0.3668,0.4883,0.5507,0.5229,0.4883,0.5206,0.0571,0.2105,0.0313,0.0624,False,False,False,False,unchanged,False,325686,325492,325913,325529,325378,325873,325176,325378,325454,325176,325378,325422
XL-n9363-k209,9363,209,44.794,206023,206065,205962,205962,206016.7,206065,22,26,27,7771.9,7462.0,7322.6,205575,205369,205713,205842.2,0.2179,0.2384,0.1883,0.1883,0.2148,0.3185,0.3389,0.2887,0.2887,0.3154,0.13,0.2304,0.0252,0.0502,False,False,False,True,spacing,False,206447,206295,206615,206172,206065,206299,206074,206065,206240,206023,206065,205962
XL-n9571-k55,9571,55,174.0,108075,108011,107910,107910,107998.7,108075,25,31,35,7376.5,7244.9,7249.4,106791,106344,106956,107277.8,1.2023,1.1424,1.0478,1.0478,1.1309,1.6277,1.5676,1.4726,1.4726,1.556,0.4558,0.8781,0.0782,0.1552,False,False,False,True,route_cap,False,108748,108535,109124,108215,108175,108419,108075,108084,108272,108075,108011,107910
XL-n9784-k2774,9784,2774,3.527,4080666,4078970,4080795,4078970,4080143.7,4080795,26,31,35,7386.6,7379.7,7325.3,4078217,4076936,4078217,4078505.8,0.0601,0.0185,0.0632,0.0185,0.0472,0.0915,0.0499,0.0947,0.0499,0.0787,0.0071,0.0385,0.025,0.0448,False,False,False,False,unchanged,False,4082248,4081981,4082201,4081111,4080661,4081046,4080666,4080640,4081005,4080666,4078970,4080795
XL-n10001-k1570,10001,1570,6.369,2338493,2337368,2337781,2337368,2337880.7,2338493,22,26,29,7431.4,7583.3,7325.4,2333757,2330666,2333757,2334348.4,0.2029,0.1547,0.1724,0.1547,0.1767,0.3358,0.2876,0.3053,0.2876,0.3096,0.0253,0.158,0.0244,0.0483,False,False,False,False,unchanged,False,2339474,2339000,2339434,2338604,2338724,2338801,2338493,2337368,2338185,2338493,2337368,2337781
