instance,n,K,route_len,cost_seed10,cost_seed20,cost_seed30,cost_best3,cost_mean3,cost_worst3,iters_seed10,iters_seed20,iters_seed30,wall_s_seed10,wall_s_seed20,wall_s_seed30,bks_initial,bks_current,ails2_best,ails2_mean,gap_init_seed10,gap_init_seed20,gap_init_seed30,gap_init_best3,gap_init_mean3,gap_bks_seed10,gap_bks_seed20,gap_bks_seed30,gap_bks_best3,gap_bks_mean3,gap_init_ails2_mean,gap_bks_ails2_mean,seed_sd_pp,seed_range_pp,beats_initial_bks,ties_initial_bks,beats_ails2_mean,kdomain_changed,kdomain_group,rerun_after_contamination,mark30_seed10,mark30_seed20,mark30_seed30,mark60_seed10,mark60_seed20,mark60_seed30,mark90_seed10,mark90_seed20,mark90_seed30,mark120_seed10,mark120_seed20,mark120_seed30
XL-n1048-k237,1048,237,4.418,380838,381029,381048,380838,380971.7,381048,118,109,118,7221.2,7215.3,7223.1,380211,380107,380211,380369.4,0.1649,0.2151,0.2201,0.1649,0.2001,0.1923,0.2426,0.2476,0.1923,0.2275,0.0417,0.069,0.0305,0.0552,False,False,False,False,unchanged,False,380999,381029,381229,380938,381029,381064,380938,381029,381064,380838,381029,381048
XL-n1094-k157,1094,157,6.962,112432,112431,112458,112431,112440.3,112458,118,112,118,7247.7,7234.7,7281.3,112431,112431,112431,112452.6,0.0009,0.0,0.024,0.0,0.0083,0.0009,0.0,0.024,0.0,0.0083,0.0192,0.0192,0.0136,0.024,False,True,True,False,unchanged,False,112475,112467,112498,112432,112448,112472,112432,112431,112458,112432,112431,112458
XL-n1141-k112,1141,112,10.179,95896,95888,95916,95888,95900.0,95916,117,114,118,7231.5,7247.9,7267.9,95727,95638,95727,95798.9,0.1765,0.1682,0.1974,0.1682,0.1807,0.2698,0.2614,0.2907,0.2614,0.2739,0.0751,0.1682,0.015,0.0292,False,False,False,False,unchanged,False,95909,95931,95942,95909,95931,95942,95896,95931,95916,95896,95888,95916
XL-n1188-k96,1188,96,12.365,104644,104720,104600,104600,104654.7,104720,117,112,117,7250.4,7232.4,7248.7,104415,104402,104415,104511.6,0.2193,0.2921,0.1772,0.1772,0.2295,0.2318,0.3046,0.1897,0.1897,0.242,0.0925,0.105,0.0581,0.1149,False,False,False,False,unchanged,False,104654,104720,104644,104654,104720,104600,104644,104720,104600,104644,104720,104600
XL-n1234-k55,1234,55,22.418,96848,96904,96889,96848,96880.3,96904,118,116,117,7264.8,7230.2,7232.5,96647,96603,96647,96787.3,0.208,0.2659,0.2504,0.208,0.2414,0.2536,0.3116,0.2961,0.2536,0.2871,0.1452,0.1908,0.03,0.0579,False,False,False,False,unchanged,False,96917,96930,96941,96908,96930,96927,96896,96930,96922,96848,96904,96889
XL-n1281-k29,1281,29,44.138,31168,31161,31194,31161,31174.3,31194,117,116,116,7239.6,7232.9,7264.5,31101,31083,31105,31201.3,0.2154,0.1929,0.299,0.1929,0.2358,0.2735,0.2509,0.3571,0.2509,0.2938,0.3225,0.3806,0.0559,0.1061,False,False,True,False,unchanged,False,31258,31198,31197,31180,31177,31197,31180,31177,31194,31168,31161,31194
XL-n1328-k19,1328,19,69.842,38277,38261,38407,38261,38315.0,38407,117,116,116,7209.3,7229.9,7202.5,38247,38201,38248,38317.4,0.0784,0.0366,0.4183,0.0366,0.1778,0.1989,0.1571,0.5393,0.1571,0.2984,0.1841,0.3047,0.2094,0.3817,False,False,True,False,unchanged,False,38306,38335,38472,38299,38302,38407,38298,38275,38407,38277,38261,38407
XL-n1374-k278,1374,278,4.939,233495,233247,233429,233247,233390.3,233495,116,116,116,7230.8,7249.8,7234.0,233049,232940,233049,233248.0,0.1914,0.085,0.1631,0.085,0.1465,0.2383,0.1318,0.2099,0.1318,0.1933,0.0854,0.1322,0.0551,0.1064,False,False,True,False,unchanged,False,233719,233247,233604,233719,233247,233604,233495,233247,233429,233495,233247,233429
XL-n1421-k232,1421,232,6.121,385247,385352,385182,385182,385260.3,385352,116,115,115,7239.4,7231.7,7230.7,384826,384646,384826,384949.2,0.1094,0.1367,0.0925,0.0925,0.1129,0.1562,0.1835,0.1393,0.1393,0.1597,0.032,0.0788,0.0223,0.0442,False,False,False,False,unchanged,False,385437,385544,385269,385394,385352,385269,385394,385352,385269,385247,385352,385182
XL-n1468-k151,1468,151,9.715,250530,250608,250633,250530,250590.3,250633,115,116,117,7233.0,7242.1,7241.0,250166,250028,250166,250305.2,0.1455,0.1767,0.1867,0.1455,0.1696,0.2008,0.232,0.242,0.2008,0.2249,0.0556,0.1109,0.0215,0.0412,False,False,False,False,unchanged,False,250696,250608,250780,250530,250608,250633,250530,250608,250633,250530,250608,250633
XL-n1514-k106,1514,106,14.274,92533,92548,92544,92533,92541.7,92548,113,113,114,7263.0,7249.9,7244.6,92425,92398,92425,92489.7,0.1169,0.1331,0.1288,0.1169,0.1262,0.1461,0.1623,0.158,0.1461,0.1555,0.07,0.0992,0.0084,0.0162,False,False,False,False,unchanged,False,92569,92589,92631,92569,92589,92625,92569,92589,92596,92533,92548,92544
XL-n1561-k75,1561,75,20.8,101615,101602,101656,101602,101624.3,101656,114,114,112,7239.8,7260.4,7247.4,101549,101540,101549,101583.3,0.065,0.0522,0.1054,0.0522,0.0742,0.0739,0.0611,0.1142,0.0611,0.0831,0.0338,0.0426,0.0278,0.0532,False,False,False,False,unchanged,False,101652,101670,101691,101615,101602,101683,101615,101602,101656,101615,101602,101656
XL-n1608-k39,1608,39,41.205,48126,48067,48090,48067,48094.3,48126,117,116,117,7253.3,7255.5,7245.8,48021,48009,48021,48064.3,0.2187,0.0958,0.1437,0.0958,0.1527,0.2437,0.1208,0.1687,0.1208,0.1777,0.0902,0.1152,0.0619,0.1229,False,False,False,False,unchanged,False,48186,48092,48255,48126,48073,48122,48126,48068,48090,48126,48067,48090
XL-n1654-k11,1654,11,150.273,36420,36440,36444,36420,36434.7,36444,117,115,116,7229.5,7206.2,7227.9,36385,36370,36385,36429.1,0.0962,0.1512,0.1622,0.0962,0.1365,0.1375,0.1925,0.2035,0.1375,0.1778,0.1212,0.1625,0.0354,0.066,False,False,True,False,unchanged,False,36478,36484,36498,36436,36464,36467,36436,36464,36444,36420,36440,36444
XL-n1701-k562,1701,562,3.025,521696,521898,521691,521691,521761.7,521898,114,114,111,7258.7,7262.9,7257.2,521136,520843,521136,521380.5,0.1075,0.1462,0.1065,0.1065,0.1201,0.1638,0.2026,0.1628,0.1628,0.1764,0.0469,0.1032,0.0226,0.0397,False,False,False,False,unchanged,False,521791,522076,521998,521696,521898,521691,521696,521898,521691,521696,521898,521691
XL-n1748-k271,1748,271,6.446,174235,174268,174279,174235,174260.7,174279,109,107,103,7250.6,7277.1,7248.2,173896,173759,173896,174027.2,0.1949,0.2139,0.2202,0.1949,0.2097,0.2739,0.2929,0.2993,0.2739,0.2887,0.0754,0.1544,0.0132,0.0253,False,False,False,False,unchanged,False,174353,174308,174279,174319,174283,174279,174235,174268,174279,174235,174268,174279
XL-n1794-k163,1794,163,11.0,141739,141745,141773,141739,141752.3,141773,116,115,116,7246.0,7253.9,7249.9,141729,141724,141729,141777.6,0.0071,0.0113,0.031,0.0071,0.0165,0.0106,0.0148,0.0346,0.0106,0.02,0.0343,0.0378,0.0128,0.0239,False,False,True,False,unchanged,False,141932,141949,141831,141878,141891,141831,141756,141779,141800,141739,141745,141773
XL-n1841-k126,1841,126,14.603,214272,214184,214290,214184,214248.7,214290,114,114,115,7203.4,7233.8,7257.8,214038,213981,214038,214142.6,0.1093,0.0682,0.1177,0.0682,0.0984,0.136,0.0949,0.1444,0.0949,0.1251,0.0489,0.0755,0.0265,0.0495,False,False,False,False,unchanged,False,214368,214360,214290,214368,214184,214290,214304,214184,214290,214272,214184,214290
XL-n1888-k82,1888,82,23.012,143914,143899,143864,143864,143892.3,143914,116,114,115,7245.3,7249.9,7241.1,143623,143558,143623,143733.5,0.2026,0.1922,0.1678,0.1678,0.1875,0.248,0.2375,0.2132,0.2132,0.2329,0.0769,0.1223,0.0179,0.0348,False,False,False,False,unchanged,False,143975,143940,143912,143968,143940,143864,143914,143901,143864,143914,143899,143864
XL-n1934-k46,1934,46,42.022,53240,53118,53080,53080,53146.0,53240,114,113,113,7230.9,7203.2,7249.1,53013,52980,53013,53067.3,0.4282,0.1981,0.1264,0.1264,0.2509,0.4908,0.2605,0.1888,0.1888,0.3133,0.1024,0.1648,0.1577,0.3018,False,False,False,False,unchanged,False,53279,53188,53091,53240,53125,53080,53240,53123,53080,53240,53118,53080
XL-n1981-k13,1981,13,152.308,32597,32598,32627,32597,32607.3,32627,114,112,109,7225.7,7204.5,7206.6,32580,32546,32580,32639.1,0.0522,0.0552,0.1443,0.0522,0.0839,0.1567,0.1598,0.2489,0.1567,0.1885,0.1814,0.2861,0.0523,0.0921,False,False,True,False,unchanged,False,32782,32699,32714,32628,32629,32680,32628,32608,32670,32597,32598,32627
XL-n2028-k617,2028,617,3.285,545111,544854,545177,544854,545047.3,545177,103,104,98,7245.2,7277.3,7293.2,544403,544166,544403,544596.6,0.1301,0.0828,0.1422,0.0828,0.1184,0.1737,0.1264,0.1858,0.1264,0.162,0.0356,0.0791,0.0314,0.0594,False,False,False,False,unchanged,False,545325,545256,545353,545325,544854,545300,545111,544854,545177,545111,544854,545177
XL-n2074-k264,2074,264,7.852,422507,422664,422602,422507,422591.0,422664,112,114,111,7216.9,7243.1,7203.1,421627,421250,421627,421805.0,0.2087,0.246,0.2312,0.2087,0.2286,0.2984,0.3357,0.3209,0.2984,0.3183,0.0422,0.1318,0.0188,0.0373,False,False,False,False,unchanged,False,422663,422751,422739,422507,422741,422739,422507,422664,422602,422507,422664,422602
XL-n2121-k186,2121,186,11.398,283581,283602,283579,283579,283587.3,283602,109,112,109,7276.8,7250.5,7234.6,283211,283105,283211,283323.6,0.1306,0.1381,0.1299,0.1299,0.1329,0.1681,0.1756,0.1674,0.1674,0.1704,0.0398,0.0772,0.0045,0.0082,False,False,False,False,unchanged,False,283640,283642,283673,283625,283602,283601,283598,283602,283579,283581,283602,283579
XL-n2168-k138,2168,138,15.703,127782,127763,127781,127763,127775.3,127782,113,109,106,7257.1,7264.7,7277.1,127298,127210,127298,127450.2,0.3802,0.3653,0.3794,0.3653,0.375,0.4497,0.4347,0.4489,0.4347,0.4444,0.1196,0.1888,0.0084,0.0149,False,False,False,False,unchanged,False,127862,127925,127939,127782,127899,127805,127782,127763,127805,127782,127763,127781
XL-n2214-k131,2214,131,16.893,154730,154811,154838,154730,154793.0,154838,106,104,98,7252.6,7287.0,7301.3,154676,154652,154676,154722.4,0.0349,0.0873,0.1047,0.0349,0.0756,0.0504,0.1028,0.1203,0.0504,0.0912,0.03,0.0455,0.0363,0.0698,False,False,False,False,unchanged,False,154767,154851,154856,154735,154851,154838,154730,154811,154838,154730,154811,154838
XL-n2261-k54,2261,54,41.852,99135,99258,99151,99135,99181.3,99258,102,105,103,7276.2,7250.7,7242.8,98907,98826,98907,98993.6,0.2305,0.3549,0.2467,0.2305,0.2774,0.3127,0.4371,0.3289,0.3127,0.3596,0.0876,0.1696,0.0676,0.1244,False,False,False,False,unchanged,False,99135,99370,99252,99135,99292,99213,99135,99265,99183,99135,99258,99151
XL-n2307-k34,2307,34,67.824,47980,48040,48088,47980,48036.0,48088,110,112,108,7216.0,7218.6,7224.4,47958,47936,47958,48020.2,0.0459,0.171,0.2711,0.0459,0.1626,0.0918,0.217,0.3171,0.0918,0.2086,0.1297,0.1757,0.1128,0.2252,False,False,True,False,unchanged,False,48024,48107,48146,48009,48073,48103,47994,48071,48088,47980,48040,48088
XL-n2354-k631,2354,631,3.729,941156,941237,941244,941156,941212.3,941244,104,104,95,7250.5,7261.5,7255.7,940825,940634,940825,940960.9,0.0352,0.0438,0.0445,0.0352,0.0412,0.0555,0.0641,0.0648,0.0555,0.0615,0.0144,0.0348,0.0052,0.0093,False,False,False,False,unchanged,False,941377,941682,941349,941332,941635,941254,941303,941415,941254,941156,941237,941244
XL-n2401-k408,2401,408,5.882,464438,464406,464503,464406,464449.0,464503,102,106,94,7254.4,7240.6,7244.7,463473,463084,463473,463673.4,0.2082,0.2013,0.2222,0.2013,0.2106,0.2924,0.2855,0.3064,0.2855,0.2948,0.0432,0.1273,0.0106,0.0209,False,False,False,False,unchanged,False,464438,464826,464621,464438,464406,464531,464438,464406,464531,464438,464406,464503
XL-n2447-k290,2447,290,8.434,219092,218978,218961,218961,219010.3,219092,84,86,76,7275.7,7264.1,7291.7,218706,218633,218706,218821.4,0.1765,0.1244,0.1166,0.1166,0.1392,0.2099,0.1578,0.15,0.15,0.1726,0.0528,0.0862,0.0326,0.0599,False,False,False,False,unchanged,False,219092,219327,219088,219092,219282,219088,219092,219211,218961,219092,218978,218961
XL-n2494-k194,2494,194,12.851,361601,361553,361601,361553,361585.0,361601,88,88,80,7259.0,7259.8,7276.6,361205,361057,361205,361273.1,0.1096,0.0963,0.1096,0.0963,0.1052,0.1507,0.1374,0.1507,0.1374,0.1462,0.0189,0.0599,0.0077,0.0133,False,False,False,False,unchanged,False,361601,361648,361698,361601,361585,361601,361601,361585,361601,361601,361553,361601
XL-n2541-k121,2541,121,20.992,146609,146654,146621,146609,146628.0,146654,109,107,101,7274.8,7243.5,7234.0,146390,146345,146390,146489.1,0.1496,0.1803,0.1578,0.1496,0.1626,0.1804,0.2111,0.1886,0.1804,0.1934,0.0677,0.0985,0.0159,0.0307,False,False,False,False,unchanged,False,146684,146687,146737,146616,146687,146667,146616,146668,146621,146609,146654,146621
XL-n2587-k66,2587,66,39.182,73598,73607,73710,73598,73638.3,73710,105,106,102,7248.9,7251.7,7263.0,73394,73254,73451,73520.7,0.278,0.2902,0.4306,0.278,0.3329,0.4696,0.4819,0.6225,0.4696,0.5247,0.1726,0.3641,0.0848,0.1526,False,False,False,False,unchanged,False,73706,73654,73832,73604,73607,73714,73598,73607,73714,73598,73607,73710
XL-n2634-k17,2634,17,154.882,32036,31984,31946,31946,31988.7,32036,105,104,94,7215.3,7303.5,7232.3,31641,31619,31657,31781.0,1.2484,1.084,0.9639,0.9639,1.0988,1.3188,1.1544,1.0342,1.0342,1.1691,0.4425,0.5124,0.1428,0.2845,False,False,False,False,unchanged,False,32116,32049,31998,32045,32018,31974,32039,31993,31974,32036,31984,31946
XL-n2681-k540,2681,540,4.963,800308,800326,800501,800308,800378.3,800501,79,89,76,7279.3,7268.4,7270.4,798603,797906,798603,798950.4,0.2135,0.2158,0.2377,0.2135,0.2223,0.301,0.3033,0.3252,0.301,0.3099,0.0435,0.1309,0.0134,0.0242,False,False,False,False,unchanged,False,800308,800589,800657,800308,800326,800614,800308,800326,800501,800308,800326,800501
XL-n2727-k546,2727,546,4.993,431165,431193,431166,431165,431174.7,431193,91,90,80,7237.2,7255.7,7353.2,431134,431108,431134,431173.0,0.0072,0.0137,0.0074,0.0072,0.0094,0.0132,0.0197,0.0135,0.0132,0.0155,0.009,0.0151,0.0037,0.0065,False,False,True,False,unchanged,False,431258,431231,431303,431201,431193,431190,431200,431193,431166,431165,431193,431166
XL-n2774-k286,2774,286,9.696,408514,408573,408453,408453,408513.3,408573,85,88,77,7237.7,7223.8,7312.3,407847,407617,407847,408000.2,0.1635,0.178,0.1486,0.1486,0.1634,0.2201,0.2345,0.2051,0.2051,0.2199,0.0376,0.094,0.0147,0.0294,False,False,False,False,unchanged,False,408556,408643,408897,408536,408643,408768,408536,408643,408768,408514,408573,408700
XL-n2821-k208,2821,208,13.558,217210,217035,217020,217020,217088.3,217210,98,103,96,7283.5,7223.0,7286.7,216763,216622,216763,216868.8,0.2062,0.1255,0.1186,0.1186,0.1501,0.2714,0.1907,0.1837,0.1837,0.2153,0.0488,0.1139,0.0487,0.0876,False,False,False,False,unchanged,False,217217,217179,217109,217212,217072,217020,217210,217072,217020,217210,217035,217020
XL-n2867-k120,2867,120,23.883,166197,166120,166208,166120,166175.0,166208,90,93,86,7237.4,7265.6,7297.7,165990,165916,165990,166056.6,0.1247,0.0783,0.1313,0.0783,0.1115,0.1694,0.123,0.176,0.123,0.1561,0.0401,0.0847,0.0289,0.053,False,False,False,False,unchanged,False,166227,166288,166472,166207,166259,166228,166197,166259,166208,166197,166120,166208
XL-n2914-k95,2914,95,30.663,89247,89256,89250,89247,89251.0,89256,84,68,76,7315.0,7236.1,7298.7,88990,88902,88990,89080.2,0.2888,0.2989,0.2922,0.2888,0.2933,0.3881,0.3982,0.3914,0.3881,0.3926,0.1014,0.2004,0.0051,0.0101,False,False,False,False,unchanged,False,89362,89312,89301,89247,89256,89301,89247,89256,89279,89247,89256,89250
XL-n2961-k55,2961,55,53.818,108614,108475,108514,108475,108534.3,108614,97,89,96,7280.0,7260.1,7302.7,108084,107945,108084,108200.9,0.4904,0.3618,0.3978,0.3618,0.4167,0.6198,0.491,0.5271,0.491,0.546,0.1082,0.2371,0.0663,0.1286,False,False,False,False,unchanged,False,108830,108717,108729,108670,108488,108525,108614,108488,108525,108614,108475,108514
XL-n3007-k658,3007,658,4.568,523075,522806,523002,522806,522961.0,523075,97,89,86,7258.6,7259.0,7265.7,522319,522126,522319,522458.9,0.1447,0.0932,0.1308,0.0932,0.1229,0.1818,0.1302,0.1678,0.1302,0.1599,0.0268,0.0638,0.0266,0.0515,False,False,False,False,unchanged,False,523114,522967,523002,523075,522806,523002,523075,522806,523002,523075,522806,523002
XL-n3054-k461,3054,461,6.623,784312,784094,784183,784094,784196.3,784312,92,82,76,7282.4,7206.7,7260.8,782739,782194,782739,783022.3,0.201,0.1731,0.1845,0.1731,0.1862,0.2708,0.2429,0.2543,0.2429,0.256,0.0362,0.1059,0.014,0.0279,False,False,False,False,unchanged,False,784479,784457,784548,784479,784457,784241,784479,784094,784183,784312,784094,784183
XL-n3101-k311,3101,311,9.968,246350,246297,246311,246297,246319.3,246350,79,73,72,7201.8,7270.3,7269.2,245937,245766,245937,246059.9,0.1679,0.1464,0.1521,0.1464,0.1555,0.2376,0.2161,0.2218,0.2161,0.2251,0.05,0.1196,0.0111,0.0215,False,False,False,False,unchanged,False,246369,246394,246523,246357,246300,246501,246357,246297,246311,246350,246297,246311
XL-n3147-k232,3147,232,13.56,257002,257106,257103,257002,257070.3,257106,88,87,78,7260.9,7232.2,7227.7,256626,256417,256626,256746.6,0.1465,0.187,0.1859,0.1465,0.1731,0.2281,0.2687,0.2675,0.2281,0.2548,0.047,0.1285,0.0231,0.0405,False,False,False,False,unchanged,False,257185,257106,257219,257002,257106,257103,257002,257106,257103,257002,257106,257103
XL-n3194-k161,3194,161,19.832,149218,149197,149282,149197,149232.3,149282,88,90,85,7299.7,7223.1,7219.9,148728,148596,148728,148905.3,0.3295,0.3153,0.3725,0.3153,0.3391,0.4186,0.4045,0.4617,0.4045,0.4282,0.1192,0.2081,0.0298,0.0572,False,False,False,False,unchanged,False,149305,149441,149452,149218,149308,149319,149218,149283,149293,149218,149197,149282
XL-n3241-k115,3241,115,28.174,221653,221744,221681,221653,221692.7,221744,66,66,61,7237.3,7321.3,7272.6,221370,221249,221370,221468.2,0.1278,0.1689,0.1405,0.1278,0.1458,0.1826,0.2237,0.1953,0.1826,0.2005,0.0444,0.0991,0.021,0.0411,False,False,False,False,unchanged,False,221729,221966,221724,221653,221827,221712,221653,221824,221681,221653,221744,221681
XL-n3287-k30,3287,30,109.533,40316,40345,40315,40315,40325.3,40345,74,78,71,7269.5,7234.3,7255.8,40229,40190,40229,40264.9,0.2163,0.2883,0.2138,0.2138,0.2395,0.3135,0.3857,0.311,0.311,0.3367,0.0892,0.1864,0.0423,0.0745,False,False,False,False,unchanged,False,40474,40534,40373,40340,40382,40366,40316,40365,40322,40316,40345,40315
XL-n3334-k934,3334,934,3.569,1453320,1453525,1453659,1453320,1453501.3,1453659,95,92,76,7282.2,7254.1,7243.8,1452698,1452353,1452698,1452950.7,0.0428,0.0569,0.0662,0.0428,0.0553,0.0666,0.0807,0.0899,0.0666,0.0791,0.0174,0.0412,0.0118,0.0234,False,False,False,False,unchanged,False,1453772,1453732,1454196,1453344,1453732,1453745,1453344,1453526,1453675,1453320,1453525,1453659
XL-n3408-k524,3408,524,6.502,679883,679909,680105,679883,679965.7,680105,82,87,76,7307.9,7278.5,7336.9,678643,678024,678643,678911.7,0.1827,0.1865,0.2154,0.1827,0.1949,0.2742,0.278,0.3069,0.2742,0.2864,0.0396,0.1309,0.0179,0.0327,False,False,False,False,unchanged,False,680039,680166,680131,680039,679909,680131,680039,679909,680105,679883,679909,680105
XL-n3484-k436,3484,436,7.989,703486,703544,703562,703486,703530.7,703562,72,66,56,7285.5,7248.3,7231.8,703355,703319,703355,703416.8,0.0186,0.0269,0.0294,0.0186,0.025,0.0237,0.032,0.0346,0.0237,0.0301,0.0088,0.0139,0.0057,0.0108,False,False,False,False,unchanged,False,703513,703612,703688,703513,703548,703582,703513,703544,703582,703486,703544,703562
XL-n3561-k229,3561,229,15.546,210006,210003,210040,210003,210016.3,210040,81,89,76,7243.8,7260.4,7340.6,209386,209191,209386,209555.6,0.2961,0.2947,0.3123,0.2947,0.301,0.3896,0.3882,0.4058,0.3882,0.3945,0.081,0.1743,0.0098,0.0176,False,False,False,True,spacing,False,210053,210154,210042,210053,210064,210042,210006,210064,210042,210006,210003,210040
XL-n3640-k211,3640,211,17.246,190224,190170,190189,190170,190194.3,190224,87,88,77,7301.7,7241.3,7323.9,189724,189531,189724,189838.6,0.2635,0.2351,0.2451,0.2351,0.2479,0.3656,0.3371,0.3472,0.3371,0.35,0.0604,0.1623,0.0144,0.0284,False,False,False,True,spacing,False,190405,190328,190476,190320,190298,190189,190263,190298,190189,190224,190170,190189
XL-n3721-k77,3721,77,48.312,163281,163384,163301,163281,163322.0,163384,56,56,59,7239.5,7236.9,7317.1,162862,162630,162862,162970.3,0.2573,0.3205,0.2696,0.2573,0.2824,0.4003,0.4636,0.4126,0.4003,0.4255,0.0665,0.2092,0.0335,0.0632,False,False,False,True,route_cap,False,163512,163558,163472,163512,163483,163374,163281,163393,163357,163281,163384,163301
XL-n3804-k29,3804,29,131.138,52976,52930,52972,52930,52959.3,52976,82,91,78,7315.2,7269.8,7215.0,52885,52838,52885,52935.8,0.1721,0.0851,0.1645,0.0851,0.1406,0.2612,0.1741,0.2536,0.1741,0.2296,0.0961,0.1851,0.0482,0.087,False,False,True,True,route_cap,False,53100,53083,53001,52992,53018,52992,52976,52962,52992,52976,52930,52972
XL-n3888-k1010,3888,1010,3.849,1882423,1881512,1882336,1881512,1882090.3,1882423,65,65,62,7283.2,7253.8,7264.4,1880368,1877119,1880368,1882369.0,0.1093,0.0608,0.1047,0.0608,0.0916,0.2826,0.234,0.2779,0.234,0.2648,0.1064,0.2797,0.0268,0.0485,False,False,True,True,spacing,True,1884297,1888010,1887246,1884297,1884476,1882336,1882928,1881702,1882336,1882423,1881512,1882336
XL-n3975-k687,3975,687,5.785,526648,526754,526739,526648,526713.7,526754,78,78,64,7231.8,7249.1,7315.3,525901,525560,525901,526048.1,0.142,0.1622,0.1593,0.142,0.1545,0.207,0.2272,0.2243,0.207,0.2195,0.028,0.0929,0.0109,0.0202,False,False,False,True,spacing,True,526729,526756,527088,526723,526756,526811,526648,526756,526776,526648,526754,526739
XL-n4063-k347,4063,347,11.706,550393,550308,550156,550156,550285.7,550393,79,83,69,7262.4,7236.5,7236.9,548931,548330,548931,549115.2,0.2663,0.2509,0.2232,0.2232,0.2468,0.3762,0.3607,0.333,0.333,0.3567,0.0336,0.1432,0.0218,0.0431,False,False,False,True,spacing,True,550523,550528,550580,550393,550528,550207,550393,550487,550173,550393,550308,550156
XL-n4153-k291,4153,291,14.268,356663,356648,356629,356629,356646.7,356663,62,59,52,7325.6,7249.8,7341.6,356034,355780,356034,356149.2,0.1767,0.1725,0.1671,0.1671,0.1721,0.2482,0.244,0.2386,0.2386,0.2436,0.0324,0.1038,0.0048,0.0096,False,False,False,True,spacing,True,356719,356784,356735,356663,356648,356735,356663,356648,356703,356663,356648,356703
XL-n4245-k203,4245,203,20.906,229919,229919,229985,229919,229941.0,229985,77,84,72,7268.6,7281.9,7245.0,229659,229521,229659,229743.2,0.1132,0.1132,0.1419,0.1132,0.1228,0.1734,0.1734,0.2022,0.1734,0.183,0.0367,0.0968,0.0166,0.0287,False,False,False,True,spacing,True,229984,230051,230117,229931,230024,230008,229921,229964,230008,229919,229919,229985
XL-n4340-k148,4340,148,29.318,245408,245204,245397,245204,245336.3,245408,74,72,61,7309.0,7201.9,7293.7,244226,243895,244226,244431.7,0.484,0.4004,0.4795,0.4004,0.4546,0.6203,0.5367,0.6158,0.5367,0.591,0.0842,0.2201,0.047,0.0836,False,False,False,True,spacing,True,245421,245389,245674,245421,245218,245624,245421,245204,245506,245408,245204,245397
XL-n4436-k48,4436,48,92.396,61672,61636,61651,61636,61653.0,61672,60,58,43,7231.8,7248.0,7281.2,61477,61431,61477,61583.1,0.3172,0.2586,0.283,0.2586,0.2863,0.3923,0.3337,0.3581,0.3337,0.3614,0.1726,0.2476,0.0294,0.0586,False,False,False,True,route_cap,True,61760,61786,61771,61729,61746,61748,61672,61659,61699,61672,61636,61651
XL-n4535-k1134,4535,1134,3.998,1203553,1203639,1203615,1203553,1203602.3,1203639,54,56,48,7238.5,7304.9,7286.2,1203566,1203512,1203566,1203606.7,-0.0011,0.0061,0.0041,-0.0011,0.003,0.0034,0.0106,0.0086,0.0034,0.0075,0.0034,0.0079,0.0037,0.0072,True,False,True,False,unchanged,True,1203689,1203673,1203700,1203555,1203670,1203671,1203553,1203650,1203640,1203553,1203639,1203615
XL-n4635-k790,4635,790,5.866,612069,612458,612462,612069,612329.7,612462,68,68,57,7243.1,7275.3,7278.1,610650,609734,610650,610947.8,0.2324,0.2961,0.2967,0.2324,0.2751,0.383,0.4468,0.4474,0.383,0.4257,0.0488,0.1991,0.037,0.0643,False,False,False,False,unchanged,True,612534,612458,612811,612069,612458,612811,612069,612458,612516,612069,612458,612462
XL-n4738-k487,4738,487,9.727,762095,762432,762041,762041,762189.3,762432,72,77,63,7271.6,7270.8,7231.5,760501,759649,760501,760787.8,0.2096,0.2539,0.2025,0.2025,0.222,0.322,0.3664,0.3149,0.3149,0.3344,0.0377,0.1499,0.0279,0.0514,False,False,False,False,unchanged,True,762286,762464,762129,762120,762464,762129,762120,762464,762082,762095,762432,762041
XL-n4844-k321,4844,321,15.087,405360,405321,405386,405321,405355.7,405386,69,79,63,7283.0,7273.5,7245.6,404652,404429,404652,404837.3,0.175,0.1653,0.1814,0.1653,0.1739,0.2302,0.2206,0.2366,0.2206,0.2291,0.0458,0.101,0.0081,0.0161,False,False,False,False,unchanged,True,405508,405565,405579,405418,405442,405579,405360,405442,405437,405360,405321,405386
XL-n4951-k203,4951,203,24.384,286234,286170,286203,286170,286202.3,286234,59,55,53,7246.4,7262.0,7295.1,285269,284769,285269,285390.1,0.3383,0.3158,0.3274,0.3158,0.3272,0.5145,0.492,0.5036,0.492,0.5033,0.0425,0.2181,0.0113,0.0225,False,False,False,False,unchanged,True,286415,286488,286646,286313,286341,286507,286242,286268,286462,286234,286268,286203
XL-n5061-k184,5061,184,27.5,161968,162013,162100,161968,162027.0,162100,57,54,55,7295.0,7266.7,7297.3,161629,161480,161629,161716.7,0.2097,0.2376,0.2914,0.2097,0.2462,0.3022,0.3301,0.3839,0.3022,0.3387,0.0543,0.1466,0.0415,0.0817,False,False,False,False,unchanged,True,162060,162102,162201,162001,162057,162115,161993,162050,162103,161968,162013,162100
XL-n5174-k55,5174,55,94.055,61810,61776,61789,61776,61791.7,61810,61,56,50,7269.0,7296.8,7297.8,61382,61254,61382,61491.6,0.6973,0.6419,0.6631,0.6419,0.6674,0.9077,0.8522,0.8734,0.8522,0.8778,0.1786,0.3879,0.028,0.0554,False,False,False,True,route_cap,True,61880,61878,62162,61878,61824,62000,61810,61784,61855,61810,61776,61789
XL-n5288-k1246,5288,1246,4.243,1962094,1961708,1961736,1961708,1961846.0,1962094,65,67,64,7312.8,7228.5,7265.5,1960101,1958205,1960101,1960957.8,0.1017,0.082,0.0834,0.082,0.089,0.1986,0.1789,0.1803,0.1789,0.1859,0.0437,0.1406,0.011,0.0197,False,False,False,False,unchanged,True,1962094,1961708,1961736,1962094,1961708,1961736,1962094,1961708,1961736,1962094,1961708,1961736
XL-n5406-k783,5406,783,6.903,1041209,1041241,1041486,1041209,1041312.0,1041486,49,51,46,7239.3,7285.4,7314.4,1040536,1040141,1040536,1040723.8,0.0647,0.0678,0.0913,0.0647,0.0746,0.1027,0.1058,0.1293,0.1027,0.1126,0.018,0.056,0.0145,0.0266,False,False,False,False,unchanged,True,1041514,1041434,1042042,1041285,1041267,1041486,1041209,1041241,1041486,1041209,1041241,1041486
XL-n5526-k553,5526,553,9.991,337206,337196,337155,337155,337185.7,337206,55,50,44,7340.2,7337.8,7221.3,336898,336843,336898,336984.8,0.0914,0.0885,0.0763,0.0763,0.0854,0.1078,0.1048,0.0926,0.0926,0.1017,0.0258,0.0421,0.008,0.0151,False,False,False,False,unchanged,True,337240,337313,337275,337240,337244,337230,337219,337232,337201,337206,337196,337155
XL-n5649-k401,5649,401,14.085,645819,645894,645503,645503,645738.7,645894,60,65,53,7262.3,7242.6,7311.5,644866,644562,644866,644987.8,0.1478,0.1594,0.0988,0.0988,0.1353,0.195,0.2067,0.146,0.146,0.1826,0.0189,0.0661,0.0322,0.0606,False,False,False,False,unchanged,True,646240,645894,646551,646061,645894,646013,646052,645894,645748,645819,645894,645503
XL-n5774-k290,5774,290,19.907,251112,251102,251141,251102,251118.3,251141,55,52,51,7342.6,7302.6,7308.7,250207,249895,250207,250337.8,0.3617,0.3577,0.3733,0.3577,0.3642,0.487,0.483,0.4986,0.483,0.4895,0.0523,0.1772,0.0081,0.0156,False,False,False,False,unchanged,True,251383,251288,251378,251139,251215,251202,251112,251215,251202,251112,251102,251141
XL-n5902-k122,5902,122,48.369,218486,218441,218477,218441,218468.0,218486,48,50,46,7352.5,7241.5,7295.2,217447,217012,217447,217689.0,0.4778,0.4571,0.4737,0.4571,0.4695,0.6792,0.6585,0.6751,0.6585,0.6709,0.1113,0.312,0.011,0.0207,False,False,False,True,spacing,True,218679,218600,218927,218597,218534,218720,218486,218455,218605,218486,218441,218477
XL-n6034-k61,6034,61,98.902,64945,65075,65001,64945,65007.0,65075,51,42,40,7280.6,7202.9,7293.3,64448,64251,64453,64676.8,0.7712,0.9729,0.8581,0.7712,0.8674,1.0801,1.2825,1.1673,1.0801,1.1766,0.355,0.6627,0.1012,0.2017,False,False,False,True,route_cap,True,65116,65239,65182,64987,65131,65182,64981,65115,65107,64945,65075,65001
XL-n6168-k1922,6168,1922,3.209,1533383,1533282,1533229,1533229,1533298.0,1533383,57,58,51,7233.3,7234.5,7254.6,1530010,1527390,1530010,1530476.6,0.2205,0.2139,0.2104,0.2104,0.2149,0.3924,0.3858,0.3823,0.3823,0.3868,0.0305,0.2021,0.0051,0.0101,False,False,False,False,unchanged,True,1533383,1533919,1534348,1533383,1533282,1534348,1533383,1533282,1534079,1533383,1533282,1533229
XL-n6305-k1042,6305,1042,6.05,1179220,1179650,1179316,1179220,1179395.3,1179650,44,42,39,7261.2,7274.3,7232.0,1177528,1176002,1177528,1177837.0,0.1437,0.1802,0.1518,0.1437,0.1586,0.2736,0.3102,0.2818,0.2736,0.2885,0.0262,0.156,0.0192,0.0365,False,False,False,False,unchanged,True,1179897,1179751,1179381,1179220,1179650,1179381,1179220,1179650,1179316,1179220,1179650,1179316
XL-n6445-k628,6445,628,10.261,997672,997717,997956,997672,997781.7,997956,55,55,47,7280.8,7263.4,7268.5,996623,996117,996623,996804.7,0.1053,0.1098,0.1338,0.1053,0.1163,0.1561,0.1606,0.1846,0.1561,0.1671,0.0182,0.069,0.0153,0.0285,False,False,False,False,unchanged,True,997753,997879,998363,997753,997879,998106,997672,997738,998064,997672,997717,997956
XL-n6588-k473,6588,473,13.926,335003,334751,334857,334751,334870.3,335003,43,43,44,7410.7,7280.2,7244.0,334068,333822,334068,334232.1,0.2799,0.2044,0.2362,0.2044,0.2402,0.3538,0.2783,0.31,0.2783,0.314,0.0491,0.1228,0.0379,0.0755,False,False,False,False,unchanged,False,335229,335009,335181,335074,334934,335003,335074,334772,334959,335003,334751,334857
XL-n6734-k330,6734,330,20.403,449273,449501,449724,449273,449499.3,449724,43,36,34,7527.9,7241.0,7258.1,448031,447486,448031,448257.5,0.2772,0.3281,0.3779,0.2772,0.3277,0.3993,0.4503,0.5001,0.3993,0.4499,0.0506,0.1724,0.0504,0.1007,False,False,False,False,unchanged,False,449655,449710,449724,449655,449501,449724,449273,449501,449724,449273,449501,449724
XL-n6884-k148,6884,148,46.507,182636,182472,182661,182472,182589.7,182661,36,38,33,7308.8,7313.9,7281.1,181809,181585,181809,181960.4,0.4549,0.3647,0.4686,0.3647,0.4294,0.5788,0.4885,0.5926,0.4885,0.5533,0.0833,0.2067,0.0564,0.1039,False,False,False,True,spacing,False,182883,182731,183029,182717,182614,182944,182653,182613,182871,182636,182472,182661
XL-n7037-k38,7037,38,185.158,71142,70981,71109,70981,71077.3,71142,47,49,42,7215.1,7345.3,7286.9,70845,70760,70845,70906.9,0.4192,0.192,0.3726,0.192,0.3279,0.5399,0.3123,0.4932,0.3123,0.4485,0.0874,0.2076,0.12,0.2272,False,False,False,True,route_cap,False,71412,71223,71414,71317,71037,71263,71184,70981,71124,71142,70981,71109
XL-n7193-k1683,7193,1683,4.273,2961041,2960620,2960783,2960620,2960814.7,2961041,39,38,34,7255.2,7353.9,7279.3,2958979,2958205,2958979,2959237.4,0.0697,0.0555,0.061,0.0555,0.062,0.0959,0.0816,0.0871,0.0816,0.0882,0.0087,0.0349,0.0072,0.0142,False,False,False,False,unchanged,False,2961440,2961377,2961090,2961041,2961340,2960783,2961041,2960620,2960783,2961041,2960620,2960783
XL-n7353-k1471,7353,1471,4.998,1537992,1537979,1538109,1537979,1538026.7,1538109,49,48,43,7275.1,7279.6,7313.0,1537811,1537702,1537811,1537904.2,0.0118,0.0109,0.0194,0.0109,0.014,0.0189,0.018,0.0265,0.018,0.0211,0.0061,0.0131,0.0047,0.0085,False,False,False,False,unchanged,False,1538121,1538198,1538236,1538094,1538153,1538236,1538047,1538133,1538132,1537992,1537979,1538109
XL-n7516-k859,7516,859,8.749,575362,575245,575459,575245,575355.3,575459,34,32,33,7326.7,7307.6,7233.3,573902,572984,573902,574104.2,0.2544,0.234,0.2713,0.234,0.2532,0.415,0.3946,0.4319,0.3946,0.4139,0.0352,0.1955,0.0187,0.0373,False,False,False,False,unchanged,False,575717,575708,575459,575362,575346,575459,575362,575346,575459,575362,575245,575459
XL-n7683-k602,7683,602,12.761,703448,703687,703984,703448,703706.3,703984,32,32,32,7252.6,7369.7,7452.6,702098,701151,702098,702303.9,0.1923,0.2263,0.2686,0.1923,0.2291,0.3276,0.3617,0.404,0.3276,0.3644,0.0293,0.1644,0.0382,0.0763,False,False,False,False,unchanged,False,703700,704346,703984,703563,703968,703984,703549,703968,703984,703448,703687,703984
XL-n7854-k365,7854,365,21.515,659750,659690,659740,659690,659726.7,659750,25,22,23,7238.7,7244.9,7297.6,659221,659075,659221,659311.3,0.0802,0.0711,0.0787,0.0711,0.0767,0.1024,0.0933,0.1009,0.0933,0.0989,0.0137,0.0359,0.0049,0.0091,False,False,False,False,unchanged,False,659835,659934,659878,659773,659691,659878,659773,659691,659792,659750,659691,659740
XL-n8028-k294,8028,294,27.303,267910,267965,268222,267910,268032.3,268222,45,43,36,7222.8,7260.6,7234.6,266900,266295,266900,267065.9,0.3784,0.399,0.4953,0.3784,0.4243,0.6065,0.6271,0.7236,0.6065,0.6524,0.0622,0.2895,0.0624,0.1169,False,False,False,False,unchanged,False,268144,268236,268353,268067,268193,268327,267965,268043,268225,267910,267965,268222
XL-n8207-k108,8207,108,75.981,118763,119295,118939,118763,118999.0,119295,28,27,28,7280.3,7236.0,7384.1,118274,118050,118274,118509.0,0.4134,0.8632,0.5623,0.4134,0.613,0.604,1.0546,0.7531,0.604,0.8039,0.1987,0.3888,0.2291,0.4498,False,False,False,True,route_cap,False,119491,119539,119634,118943,119318,119527,118908,119318,119058,118763,119295,118939
XL-n8389-k2028,8389,2028,4.136,3366445,3365000,3366038,3365000,3365827.7,3366445,33,32,29,7342.1,7229.8,7325.2,3358731,3353305,3358731,3359593.2,0.2297,0.1866,0.2176,0.1866,0.2113,0.3919,0.3488,0.3797,0.3488,0.3734,0.0257,0.1875,0.0222,0.0431,False,False,False,False,unchanged,False,3366445,3368006,3366038,3366445,3365465,3366038,3366445,3365465,3366038,3366445,3365000,3366038
XL-n8575-k1297,8575,1297,6.611,1090369,1090089,1090118,1090089,1090192.0,1090369,38,40,35,7232.9,7321.1,7280.1,1089137,1088376,1089137,1089360.7,0.1131,0.0874,0.0901,0.0874,0.0969,0.1831,0.1574,0.1601,0.1574,0.1669,0.0205,0.0905,0.0141,0.0257,False,False,False,False,unchanged,False,1090434,1090233,1090663,1090401,1090218,1090132,1090401,1090095,1090132,1090369,1090095,1090118
XL-n8766-k1032,8766,1032,8.493,908507,908402,908546,908402,908485.0,908546,29,29,29,7327.6,7355.0,7266.2,906406,905060,906406,906592.3,0.2318,0.2202,0.2361,0.2202,0.2294,0.3809,0.3693,0.3852,0.3693,0.3784,0.0206,0.1693,0.0082,0.0159,False,False,False,False,unchanged,False,908806,908402,908853,908507,908402,908853,908507,908402,908853,908507,908402,908546
XL-n8960-k634,8960,634,14.131,774081,774112,774517,774081,774236.7,774517,28,29,27,7394.2,7348.4,7541.5,773383,772906,773383,773515.7,0.0903,0.0943,0.1466,0.0903,0.1104,0.152,0.156,0.2084,0.152,0.1722,0.0172,0.0789,0.0314,0.0563,False,False,False,False,unchanged,False,775003,774666,774729,774444,774606,774565,774444,774561,774563,774160,774112,774517
XL-n9160-k379,9160,379,24.166,325169,325066,325345,325066,325193.3,325345,37,40,34,7328.4,7250.8,7384.3,324092,323596,324092,324277.1,0.3323,0.3005,0.3866,0.3005,0.3398,0.4861,0.4543,0.5405,0.4543,0.4936,0.0571,0.2105,0.0435,0.0861,False,False,False,False,unchanged,False,325952,325672,325503,325231,325109,325427,325217,325066,325409,325169,325066,325345
XL-n9363-k209,9363,209,44.794,206308,206063,206106,206063,206159.0,206308,23,25,24,7343.2,7479.9,7323.3,205575,205369,205713,205842.2,0.3566,0.2374,0.2583,0.2374,0.2841,0.4572,0.3379,0.3589,0.3379,0.3847,0.13,0.2304,0.0637,0.1192,False,False,False,True,spacing,False,206860,206330,206604,206614,206269,206444,206442,206187,206167,206308,206063,206106
XL-n9571-k55,9571,55,174.0,108225,108022,108153,108022,108133.3,108225,27,32,29,7280.0,7280.1,7306.8,106791,106344,106956,107277.8,1.3428,1.1527,1.2754,1.1527,1.257,1.7688,1.5779,1.7011,1.5779,1.6826,0.4558,0.8781,0.0964,0.1901,False,False,False,True,route_cap,False,109430,108884,109803,108658,108341,108924,108335,108022,108336,108225,108022,108153
XL-n9784-k2774,9784,2774,3.527,4078780,4078834,4080162,4078780,4079258.7,4080162,26,31,27,7269.0,7264.8,7458.0,4078217,4076936,4078217,4078505.8,0.0138,0.0151,0.0477,0.0138,0.0255,0.0452,0.0466,0.0791,0.0452,0.057,0.0071,0.0385,0.0192,0.0339,False,False,False,False,unchanged,False,4079181,4080379,4080162,4078795,4079322,4080162,4078795,4079322,4080162,4078780,4078834,4080162
XL-n10001-k1570,10001,1570,6.369,2338769,2337162,2336473,2336473,2337468.0,2338769,23,24,24,7266.1,7377.3,7296.6,2333757,2330666,2333757,2334348.4,0.2148,0.1459,0.1164,0.1164,0.159,0.3477,0.2787,0.2492,0.2492,0.2918,0.0253,0.158,0.0505,0.0984,False,False,False,False,unchanged,False,2339316,2338169,2336473,2339316,2337653,2336473,2338932,2337162,2336473,2338769,2337162,2336473
