run_id,instance,seed,apply_iteration,reward
X-n10001-k1570__seed11,X-n10001-k1570,11,12,7
X-n10001-k1570__seed11,X-n10001-k1570,11,17,3
X-n10001-k1570__seed11,X-n10001-k1570,11,20,3
X-n10001-k1570__seed22,X-n10001-k1570,22,13,7
X-n10001-k1570__seed22,X-n10001-k1570,22,18,3
X-n10001-k1570__seed22,X-n10001-k1570,22,22,3
X-n10001-k1570__seed33,X-n10001-k1570,33,13,7
X-n10001-k1570__seed33,X-n10001-k1570,33,18,7
X-n10001-k1570__seed33,X-n10001-k1570,33,24,7
X-n1048-k237__seed11,X-n1048-k237,11,12,7
X-n1048-k237__seed11,X-n1048-k237,11,33,3
X-n1048-k237__seed11,X-n1048-k237,11,55,3
X-n1048-k237__seed11,X-n1048-k237,11,74,7
X-n1048-k237__seed11,X-n1048-k237,11,97,7
X-n1048-k237__seed11,X-n1048-k237,11,113,3
X-n1048-k237__seed22,X-n1048-k237,22,12,7
X-n1048-k237__seed22,X-n1048-k237,22,32,3
X-n1048-k237__seed22,X-n1048-k237,22,55,3
X-n1048-k237__seed22,X-n1048-k237,22,78,3
X-n1048-k237__seed22,X-n1048-k237,22,94,3
X-n1048-k237__seed33,X-n1048-k237,33,12,7
X-n1048-k237__seed33,X-n1048-k237,33,33,3
X-n1048-k237__seed33,X-n1048-k237,33,54,3
X-n1048-k237__seed33,X-n1048-k237,33,74,3
X-n1048-k237__seed33,X-n1048-k237,33,95,3
X-n1048-k237__seed33,X-n1048-k237,33,117,3
X-n1094-k157__seed11,X-n1094-k157,11,12,7
X-n1094-k157__seed11,X-n1094-k157,11,44,3
X-n1094-k157__seed11,X-n1094-k157,11,64,0
X-n1094-k157__seed11,X-n1094-k157,11,84,0
X-n1094-k157__seed11,X-n1094-k157,11,104,3
X-n1094-k157__seed22,X-n1094-k157,22,12,3
X-n1094-k157__seed22,X-n1094-k157,22,44,7
X-n1094-k157__seed22,X-n1094-k157,22,64,3
X-n1094-k157__seed22,X-n1094-k157,22,84,0
X-n1094-k157__seed22,X-n1094-k157,22,104,0
X-n1094-k157__seed33,X-n1094-k157,33,12,7
X-n1094-k157__seed33,X-n1094-k157,33,44,3
X-n1094-k157__seed33,X-n1094-k157,33,64,7
X-n1094-k157__seed33,X-n1094-k157,33,84,3
X-n1094-k157__seed33,X-n1094-k157,33,104,3
X-n1141-k112__seed11,X-n1141-k112,11,12,7
X-n1141-k112__seed11,X-n1141-k112,11,44,3
X-n1141-k112__seed11,X-n1141-k112,11,64,7
X-n1141-k112__seed11,X-n1141-k112,11,84,3
X-n1141-k112__seed11,X-n1141-k112,11,104,3
X-n1141-k112__seed22,X-n1141-k112,22,12,7
X-n1141-k112__seed22,X-n1141-k112,22,44,7
X-n1141-k112__seed22,X-n1141-k112,22,64,7
X-n1141-k112__seed22,X-n1141-k112,22,84,3
X-n1141-k112__seed22,X-n1141-k112,22,104,3
X-n1141-k112__seed33,X-n1141-k112,33,12,7
X-n1141-k112__seed33,X-n1141-k112,33,44,7
X-n1141-k112__seed33,X-n1141-k112,33,64,7
X-n1141-k112__seed33,X-n1141-k112,33,84,3
X-n1141-k112__seed33,X-n1141-k112,33,104,3
X-n1188-k96__seed11,X-n1188-k96,11,12,7
X-n1188-k96__seed11,X-n1188-k96,11,43,7
X-n1188-k96__seed11,X-n1188-k96,11,64,7
X-n1188-k96__seed11,X-n1188-k96,11,84,3
X-n1188-k96__seed11,X-n1188-k96,11,104,3
X-n1188-k96__seed22,X-n1188-k96,22,12,3
X-n1188-k96__seed22,X-n1188-k96,22,38,3
X-n1188-k96__seed22,X-n1188-k96,22,64,3
X-n1188-k96__seed22,X-n1188-k96,22,84,7
X-n1188-k96__seed33,X-n1188-k96,33,12,3
X-n1188-k96__seed33,X-n1188-k96,33,44,7
X-n1188-k96__seed33,X-n1188-k96,33,64,7
X-n1188-k96__seed33,X-n1188-k96,33,84,3
X-n1234-k55__seed11,X-n1234-k55,11,12,7
X-n1234-k55__seed11,X-n1234-k55,11,33,7
X-n1234-k55__seed11,X-n1234-k55,11,59,3
X-n1234-k55__seed11,X-n1234-k55,11,84,7
X-n1234-k55__seed11,X-n1234-k55,11,104,3
X-n1234-k55__seed22,X-n1234-k55,22,12,7
X-n1234-k55__seed22,X-n1234-k55,22,33,3
X-n1234-k55__seed22,X-n1234-k55,22,56,3
X-n1234-k55__seed22,X-n1234-k55,22,84,0
X-n1234-k55__seed22,X-n1234-k55,22,104,3
X-n1234-k55__seed33,X-n1234-k55,33,12,7
X-n1234-k55__seed33,X-n1234-k55,33,33,3
X-n1234-k55__seed33,X-n1234-k55,33,57,3
X-n1234-k55__seed33,X-n1234-k55,33,84,3
X-n1234-k55__seed33,X-n1234-k55,33,104,7
X-n1281-k29__seed11,X-n1281-k29,11,12,3
X-n1281-k29__seed11,X-n1281-k29,11,32,7
X-n1281-k29__seed11,X-n1281-k29,11,53,7
X-n1281-k29__seed11,X-n1281-k29,11,73,7
X-n1281-k29__seed11,X-n1281-k29,11,97,7
X-n1281-k29__seed22,X-n1281-k29,22,12,7
X-n1281-k29__seed22,X-n1281-k29,22,32,3
X-n1281-k29__seed22,X-n1281-k29,22,53,3
X-n1281-k29__seed22,X-n1281-k29,22,74,3
X-n1281-k29__seed22,X-n1281-k29,22,96,3
X-n1281-k29__seed33,X-n1281-k29,33,12,7
X-n1281-k29__seed33,X-n1281-k29,33,32,7
X-n1281-k29__seed33,X-n1281-k29,33,53,7
X-n1281-k29__seed33,X-n1281-k29,33,75,3
X-n1281-k29__seed33,X-n1281-k29,33,95,7
X-n1281-k29__seed33,X-n1281-k29,33,114,3
X-n1328-k19__seed11,X-n1328-k19,11,12,7
X-n1328-k19__seed11,X-n1328-k19,11,30,3
X-n1328-k19__seed11,X-n1328-k19,11,48,7
X-n1328-k19__seed11,X-n1328-k19,11,66,3
X-n1328-k19__seed11,X-n1328-k19,11,87,3
X-n1328-k19__seed11,X-n1328-k19,11,107,0
X-n1328-k19__seed22,X-n1328-k19,22,12,7
X-n1328-k19__seed22,X-n1328-k19,22,32,7
X-n1328-k19__seed22,X-n1328-k19,22,52,3
X-n1328-k19__seed22,X-n1328-k19,22,72,3
X-n1328-k19__seed22,X-n1328-k19,22,93,3
X-n1328-k19__seed22,X-n1328-k19,22,114,7
X-n1328-k19__seed33,X-n1328-k19,33,12,7
X-n1328-k19__seed33,X-n1328-k19,33,32,3
X-n1328-k19__seed33,X-n1328-k19,33,52,3
X-n1328-k19__seed33,X-n1328-k19,33,72,7
X-n1328-k19__seed33,X-n1328-k19,33,93,0
X-n1328-k19__seed33,X-n1328-k19,33,113,3
X-n1374-k278__seed11,X-n1374-k278,11,12,3
X-n1374-k278__seed11,X-n1374-k278,11,44,3
X-n1374-k278__seed11,X-n1374-k278,11,64,3
X-n1374-k278__seed11,X-n1374-k278,11,84,3
X-n1374-k278__seed11,X-n1374-k278,11,104,3
X-n1374-k278__seed22,X-n1374-k278,22,14,3
X-n1374-k278__seed22,X-n1374-k278,22,44,7
X-n1374-k278__seed22,X-n1374-k278,22,64,3
X-n1374-k278__seed22,X-n1374-k278,22,84,3
X-n1374-k278__seed22,X-n1374-k278,22,104,3
X-n1374-k278__seed33,X-n1374-k278,33,21,7
X-n1374-k278__seed33,X-n1374-k278,33,44,3
X-n1374-k278__seed33,X-n1374-k278,33,64,3
X-n1374-k278__seed33,X-n1374-k278,33,84,3
X-n1374-k278__seed33,X-n1374-k278,33,104,3
X-n1421-k232__seed11,X-n1421-k232,11,13,7
X-n1421-k232__seed11,X-n1421-k232,11,42,7
X-n1421-k232__seed11,X-n1421-k232,11,99,3
X-n1421-k232__seed22,X-n1421-k232,22,13,7
X-n1421-k232__seed22,X-n1421-k232,22,43,3
X-n1421-k232__seed22,X-n1421-k232,22,103,7
X-n1421-k232__seed33,X-n1421-k232,33,13,7
X-n1421-k232__seed33,X-n1421-k232,33,44,7
X-n1421-k232__seed33,X-n1421-k232,33,94,3
X-n1468-k151__seed11,X-n1468-k151,11,12,7
X-n1468-k151__seed11,X-n1468-k151,11,44,3
X-n1468-k151__seed11,X-n1468-k151,11,64,3
X-n1468-k151__seed11,X-n1468-k151,11,83,3
X-n1468-k151__seed22,X-n1468-k151,22,12,7
X-n1468-k151__seed22,X-n1468-k151,22,44,3
X-n1468-k151__seed22,X-n1468-k151,22,84,3
X-n1468-k151__seed22,X-n1468-k151,22,104,7
X-n1468-k151__seed33,X-n1468-k151,33,12,7
X-n1468-k151__seed33,X-n1468-k151,33,44,3
X-n1468-k151__seed33,X-n1468-k151,33,64,3
X-n1514-k106__seed11,X-n1514-k106,11,12,7
X-n1514-k106__seed11,X-n1514-k106,11,41,7
X-n1514-k106__seed11,X-n1514-k106,11,60,7
X-n1514-k106__seed11,X-n1514-k106,11,77,3
X-n1514-k106__seed11,X-n1514-k106,11,95,3
X-n1514-k106__seed22,X-n1514-k106,22,12,7
X-n1514-k106__seed22,X-n1514-k106,22,44,3
X-n1514-k106__seed22,X-n1514-k106,22,63,3
X-n1514-k106__seed22,X-n1514-k106,22,83,3
X-n1514-k106__seed33,X-n1514-k106,33,12,7
X-n1514-k106__seed33,X-n1514-k106,33,43,3
X-n1514-k106__seed33,X-n1514-k106,33,63,3
X-n1514-k106__seed33,X-n1514-k106,33,81,7
X-n1561-k75__seed11,X-n1561-k75,11,12,7
X-n1561-k75__seed11,X-n1561-k75,11,29,7
X-n1561-k75__seed11,X-n1561-k75,11,58,7
X-n1561-k75__seed11,X-n1561-k75,11,76,3
X-n1561-k75__seed11,X-n1561-k75,11,95,7
X-n1561-k75__seed22,X-n1561-k75,22,12,7
X-n1561-k75__seed22,X-n1561-k75,22,44,7
X-n1561-k75__seed22,X-n1561-k75,22,63,3
X-n1561-k75__seed22,X-n1561-k75,22,83,3
X-n1561-k75__seed22,X-n1561-k75,22,103,3
X-n1561-k75__seed33,X-n1561-k75,33,12,7
X-n1561-k75__seed33,X-n1561-k75,33,42,3
X-n1561-k75__seed33,X-n1561-k75,33,63,7
X-n1561-k75__seed33,X-n1561-k75,33,82,0
X-n1561-k75__seed33,X-n1561-k75,33,102,3
X-n1608-k39__seed11,X-n1608-k39,11,12,7
X-n1608-k39__seed11,X-n1608-k39,11,32,7
X-n1608-k39__seed11,X-n1608-k39,11,53,3
X-n1608-k39__seed11,X-n1608-k39,11,74,3
X-n1608-k39__seed11,X-n1608-k39,11,99,3
X-n1608-k39__seed22,X-n1608-k39,22,12,7
X-n1608-k39__seed22,X-n1608-k39,22,31,7
X-n1608-k39__seed22,X-n1608-k39,22,52,3
X-n1608-k39__seed22,X-n1608-k39,22,73,3
X-n1608-k39__seed22,X-n1608-k39,22,96,3
X-n1608-k39__seed33,X-n1608-k39,33,12,7
X-n1608-k39__seed33,X-n1608-k39,33,32,3
X-n1608-k39__seed33,X-n1608-k39,33,53,3
X-n1608-k39__seed33,X-n1608-k39,33,79,7
X-n1608-k39__seed33,X-n1608-k39,33,97,7
X-n1654-k11__seed11,X-n1654-k11,11,12,7
X-n1654-k11__seed11,X-n1654-k11,11,31,7
X-n1654-k11__seed11,X-n1654-k11,11,50,3
X-n1654-k11__seed11,X-n1654-k11,11,70,7
X-n1654-k11__seed11,X-n1654-k11,11,89,0
X-n1654-k11__seed11,X-n1654-k11,11,109,3
X-n1654-k11__seed22,X-n1654-k11,22,12,3
X-n1654-k11__seed22,X-n1654-k11,22,32,7
X-n1654-k11__seed22,X-n1654-k11,22,51,7
X-n1654-k11__seed22,X-n1654-k11,22,71,0
X-n1654-k11__seed22,X-n1654-k11,22,91,7
X-n1654-k11__seed22,X-n1654-k11,22,111,3
X-n1654-k11__seed33,X-n1654-k11,33,12,7
X-n1654-k11__seed33,X-n1654-k11,33,32,3
X-n1654-k11__seed33,X-n1654-k11,33,52,7
X-n1654-k11__seed33,X-n1654-k11,33,72,3
X-n1654-k11__seed33,X-n1654-k11,33,91,7
X-n1654-k11__seed33,X-n1654-k11,33,111,3
X-n1701-k562__seed11,X-n1701-k562,11,23,7
X-n1701-k562__seed11,X-n1701-k562,11,40,7
X-n1701-k562__seed11,X-n1701-k562,11,59,3
X-n1701-k562__seed11,X-n1701-k562,11,77,3
X-n1701-k562__seed11,X-n1701-k562,11,95,3
X-n1701-k562__seed22,X-n1701-k562,22,23,7
X-n1701-k562__seed22,X-n1701-k562,22,43,3
X-n1701-k562__seed22,X-n1701-k562,22,62,3
X-n1701-k562__seed22,X-n1701-k562,22,81,7
X-n1701-k562__seed22,X-n1701-k562,22,99,3
X-n1701-k562__seed33,X-n1701-k562,33,23,7
X-n1701-k562__seed33,X-n1701-k562,33,42,3
X-n1701-k562__seed33,X-n1701-k562,33,61,3
X-n1701-k562__seed33,X-n1701-k562,33,81,3
X-n1701-k562__seed33,X-n1701-k562,33,100,3
X-n1748-k271__seed11,X-n1748-k271,11,13,7
X-n1748-k271__seed11,X-n1748-k271,11,37,3
X-n1748-k271__seed11,X-n1748-k271,11,54,3
X-n1748-k271__seed11,X-n1748-k271,11,70,3
X-n1748-k271__seed11,X-n1748-k271,11,85,3
X-n1748-k271__seed22,X-n1748-k271,22,14,7
X-n1748-k271__seed22,X-n1748-k271,22,41,7
X-n1748-k271__seed22,X-n1748-k271,22,58,7
X-n1748-k271__seed22,X-n1748-k271,22,76,3
X-n1748-k271__seed22,X-n1748-k271,22,94,3
X-n1748-k271__seed33,X-n1748-k271,33,22,7
X-n1748-k271__seed33,X-n1748-k271,33,40,7
X-n1748-k271__seed33,X-n1748-k271,33,58,3
X-n1748-k271__seed33,X-n1748-k271,33,77,7
X-n1748-k271__seed33,X-n1748-k271,33,96,7
X-n1794-k163__seed11,X-n1794-k163,11,12,3
X-n1794-k163__seed11,X-n1794-k163,11,33,7
X-n1794-k163__seed11,X-n1794-k163,11,62,0
X-n1794-k163__seed11,X-n1794-k163,11,79,3
X-n1794-k163__seed11,X-n1794-k163,11,98,0
X-n1794-k163__seed22,X-n1794-k163,22,12,3
X-n1794-k163__seed22,X-n1794-k163,22,44,7
X-n1794-k163__seed22,X-n1794-k163,22,64,3
X-n1794-k163__seed22,X-n1794-k163,22,84,0
X-n1794-k163__seed22,X-n1794-k163,22,103,3
X-n1794-k163__seed33,X-n1794-k163,33,12,3
X-n1794-k163__seed33,X-n1794-k163,33,44,3
X-n1794-k163__seed33,X-n1794-k163,33,64,0
X-n1794-k163__seed33,X-n1794-k163,33,84,7
X-n1794-k163__seed33,X-n1794-k163,33,104,3
X-n1841-k126__seed11,X-n1841-k126,11,12,7
X-n1841-k126__seed11,X-n1841-k126,11,32,3
X-n1841-k126__seed11,X-n1841-k126,11,61,7
X-n1841-k126__seed11,X-n1841-k126,11,80,7
X-n1841-k126__seed11,X-n1841-k126,11,88,3
X-n1841-k126__seed11,X-n1841-k126,11,107,3
X-n1841-k126__seed22,X-n1841-k126,22,12,7
X-n1841-k126__seed22,X-n1841-k126,22,44,3
X-n1841-k126__seed22,X-n1841-k126,22,64,3
X-n1841-k126__seed22,X-n1841-k126,22,83,7
X-n1841-k126__seed22,X-n1841-k126,22,91,7
X-n1841-k126__seed22,X-n1841-k126,22,111,3
X-n1841-k126__seed33,X-n1841-k126,33,12,7
X-n1841-k126__seed33,X-n1841-k126,33,42,7
X-n1841-k126__seed33,X-n1841-k126,33,63,7
X-n1841-k126__seed33,X-n1841-k126,33,82,3
X-n1841-k126__seed33,X-n1841-k126,33,91,3
X-n1841-k126__seed33,X-n1841-k126,33,111,3
X-n1888-k82__seed11,X-n1888-k82,11,12,7
X-n1888-k82__seed11,X-n1888-k82,11,31,7
X-n1888-k82__seed11,X-n1888-k82,11,60,3
X-n1888-k82__seed11,X-n1888-k82,11,78,3
X-n1888-k82__seed22,X-n1888-k82,22,12,7
X-n1888-k82__seed22,X-n1888-k82,22,33,7
X-n1888-k82__seed22,X-n1888-k82,22,64,7
X-n1888-k82__seed22,X-n1888-k82,22,83,7
X-n1888-k82__seed22,X-n1888-k82,22,95,3
X-n1888-k82__seed22,X-n1888-k82,22,112,3
X-n1888-k82__seed33,X-n1888-k82,33,12,7
X-n1888-k82__seed33,X-n1888-k82,33,33,7
X-n1888-k82__seed33,X-n1888-k82,33,64,7
X-n1888-k82__seed33,X-n1888-k82,33,84,3
X-n1888-k82__seed33,X-n1888-k82,33,104,3
X-n1888-k82__seed33,X-n1888-k82,33,113,3
X-n1934-k46__seed11,X-n1934-k46,11,12,7
X-n1934-k46__seed11,X-n1934-k46,11,30,7
X-n1934-k46__seed11,X-n1934-k46,11,49,7
X-n1934-k46__seed11,X-n1934-k46,11,68,3
X-n1934-k46__seed11,X-n1934-k46,11,88,7
X-n1934-k46__seed22,X-n1934-k46,22,12,3
X-n1934-k46__seed22,X-n1934-k46,22,31,7
X-n1934-k46__seed22,X-n1934-k46,22,51,7
X-n1934-k46__seed22,X-n1934-k46,22,71,3
X-n1934-k46__seed22,X-n1934-k46,22,100,0
X-n1934-k46__seed33,X-n1934-k46,33,12,7
X-n1934-k46__seed33,X-n1934-k46,33,32,7
X-n1934-k46__seed33,X-n1934-k46,33,52,7
X-n1934-k46__seed33,X-n1934-k46,33,74,3
X-n1934-k46__seed33,X-n1934-k46,33,102,7
X-n1981-k13__seed11,X-n1981-k13,11,12,3
X-n1981-k13__seed11,X-n1981-k13,11,28,7
X-n1981-k13__seed11,X-n1981-k13,11,47,7
X-n1981-k13__seed11,X-n1981-k13,11,66,7
X-n1981-k13__seed11,X-n1981-k13,11,82,7
X-n1981-k13__seed11,X-n1981-k13,11,100,0
X-n1981-k13__seed22,X-n1981-k13,22,12,7
X-n1981-k13__seed22,X-n1981-k13,22,31,7
X-n1981-k13__seed22,X-n1981-k13,22,50,7
X-n1981-k13__seed22,X-n1981-k13,22,69,3
X-n1981-k13__seed22,X-n1981-k13,22,87,3
X-n1981-k13__seed22,X-n1981-k13,22,107,7
X-n1981-k13__seed33,X-n1981-k13,33,12,3
X-n1981-k13__seed33,X-n1981-k13,33,32,7
X-n1981-k13__seed33,X-n1981-k13,33,51,3
X-n1981-k13__seed33,X-n1981-k13,33,71,7
X-n1981-k13__seed33,X-n1981-k13,33,90,3
X-n1981-k13__seed33,X-n1981-k13,33,110,3
X-n2028-k617__seed11,X-n2028-k617,11,20,7
X-n2028-k617__seed11,X-n2028-k617,11,35,7
X-n2028-k617__seed11,X-n2028-k617,11,49,7
X-n2028-k617__seed11,X-n2028-k617,11,66,7
X-n2028-k617__seed11,X-n2028-k617,11,80,7
X-n2028-k617__seed22,X-n2028-k617,22,21,7
X-n2028-k617__seed22,X-n2028-k617,22,38,7
X-n2028-k617__seed22,X-n2028-k617,22,55,3
X-n2028-k617__seed22,X-n2028-k617,22,70,3
X-n2028-k617__seed22,X-n2028-k617,22,88,3
X-n2028-k617__seed33,X-n2028-k617,33,23,7
X-n2028-k617__seed33,X-n2028-k617,33,41,7
X-n2028-k617__seed33,X-n2028-k617,33,59,3
X-n2028-k617__seed33,X-n2028-k617,33,78,3
X-n2028-k617__seed33,X-n2028-k617,33,96,3
X-n2074-k264__seed11,X-n2074-k264,11,16,7
X-n2074-k264__seed11,X-n2074-k264,11,41,7
X-n2074-k264__seed11,X-n2074-k264,11,59,3
X-n2074-k264__seed11,X-n2074-k264,11,104,7
X-n2074-k264__seed22,X-n2074-k264,22,14,7
X-n2074-k264__seed22,X-n2074-k264,22,51,7
X-n2074-k264__seed22,X-n2074-k264,22,88,3
X-n2074-k264__seed33,X-n2074-k264,33,14,7
X-n2074-k264__seed33,X-n2074-k264,33,50,3
X-n2074-k264__seed33,X-n2074-k264,33,82,3
X-n2074-k264__seed33,X-n2074-k264,33,98,3
X-n2121-k186__seed11,X-n2121-k186,11,12,7
X-n2121-k186__seed11,X-n2121-k186,11,39,7
X-n2121-k186__seed11,X-n2121-k186,11,92,7
X-n2121-k186__seed22,X-n2121-k186,22,12,7
X-n2121-k186__seed22,X-n2121-k186,22,43,7
X-n2121-k186__seed22,X-n2121-k186,22,62,7
X-n2121-k186__seed22,X-n2121-k186,22,80,3
X-n2121-k186__seed33,X-n2121-k186,33,12,7
X-n2121-k186__seed33,X-n2121-k186,33,42,3
X-n2121-k186__seed33,X-n2121-k186,33,62,7
X-n2121-k186__seed33,X-n2121-k186,33,81,7
X-n2168-k138__seed11,X-n2168-k138,11,12,7
X-n2168-k138__seed11,X-n2168-k138,11,39,3
X-n2168-k138__seed11,X-n2168-k138,11,58,3
X-n2168-k138__seed11,X-n2168-k138,11,76,3
X-n2168-k138__seed22,X-n2168-k138,22,12,7
X-n2168-k138__seed22,X-n2168-k138,22,42,7
X-n2168-k138__seed22,X-n2168-k138,22,61,7
X-n2168-k138__seed22,X-n2168-k138,22,78,3
X-n2168-k138__seed22,X-n2168-k138,22,98,7
X-n2168-k138__seed22,X-n2168-k138,22,107,3
X-n2168-k138__seed33,X-n2168-k138,33,12,7
X-n2168-k138__seed33,X-n2168-k138,33,38,3
X-n2168-k138__seed33,X-n2168-k138,33,62,3
X-n2168-k138__seed33,X-n2168-k138,33,80,3
X-n2168-k138__seed33,X-n2168-k138,33,95,3
X-n2214-k131__seed11,X-n2214-k131,11,12,7
X-n2214-k131__seed11,X-n2214-k131,11,36,7
X-n2214-k131__seed11,X-n2214-k131,11,52,3
X-n2214-k131__seed11,X-n2214-k131,11,69,3
X-n2214-k131__seed11,X-n2214-k131,11,84,3
X-n2214-k131__seed22,X-n2214-k131,22,11,7
X-n2214-k131__seed22,X-n2214-k131,22,41,3
X-n2214-k131__seed22,X-n2214-k131,22,58,3
X-n2214-k131__seed22,X-n2214-k131,22,74,3
X-n2214-k131__seed33,X-n2214-k131,33,12,7
X-n2214-k131__seed33,X-n2214-k131,33,42,7
X-n2214-k131__seed33,X-n2214-k131,33,61,3
X-n2261-k54__seed11,X-n2261-k54,11,11,7
X-n2261-k54__seed11,X-n2261-k54,11,24,7
X-n2261-k54__seed11,X-n2261-k54,11,39,7
X-n2261-k54__seed11,X-n2261-k54,11,57,3
X-n2261-k54__seed11,X-n2261-k54,11,76,3
X-n2261-k54__seed22,X-n2261-k54,22,11,7
X-n2261-k54__seed22,X-n2261-k54,22,28,3
X-n2261-k54__seed22,X-n2261-k54,22,47,3
X-n2261-k54__seed22,X-n2261-k54,22,66,7
X-n2261-k54__seed22,X-n2261-k54,22,88,7
X-n2261-k54__seed33,X-n2261-k54,33,12,7
X-n2261-k54__seed33,X-n2261-k54,33,30,7
X-n2261-k54__seed33,X-n2261-k54,33,50,7
X-n2261-k54__seed33,X-n2261-k54,33,71,7
X-n2261-k54__seed33,X-n2261-k54,33,93,7
X-n2307-k34__seed11,X-n2307-k34,11,12,3
X-n2307-k34__seed11,X-n2307-k34,11,28,3
X-n2307-k34__seed11,X-n2307-k34,11,46,7
X-n2307-k34__seed11,X-n2307-k34,11,65,7
X-n2307-k34__seed11,X-n2307-k34,11,82,3
X-n2307-k34__seed11,X-n2307-k34,11,101,3
X-n2307-k34__seed22,X-n2307-k34,22,12,7
X-n2307-k34__seed22,X-n2307-k34,22,31,3
X-n2307-k34__seed22,X-n2307-k34,22,50,3
X-n2307-k34__seed22,X-n2307-k34,22,69,3
X-n2307-k34__seed22,X-n2307-k34,22,88,7
X-n2307-k34__seed22,X-n2307-k34,22,104,3
X-n2307-k34__seed33,X-n2307-k34,33,12,7
X-n2307-k34__seed33,X-n2307-k34,33,31,7
X-n2307-k34__seed33,X-n2307-k34,33,50,7
X-n2307-k34__seed33,X-n2307-k34,33,70,3
X-n2307-k34__seed33,X-n2307-k34,33,89,3
X-n2307-k34__seed33,X-n2307-k34,33,109,3
X-n2354-k631__seed11,X-n2354-k631,11,21,3
X-n2354-k631__seed11,X-n2354-k631,11,36,7
X-n2354-k631__seed11,X-n2354-k631,11,53,7
X-n2354-k631__seed11,X-n2354-k631,11,69,3
X-n2354-k631__seed11,X-n2354-k631,11,84,3
X-n2354-k631__seed22,X-n2354-k631,22,22,7
X-n2354-k631__seed22,X-n2354-k631,22,40,3
X-n2354-k631__seed22,X-n2354-k631,22,59,3
X-n2354-k631__seed22,X-n2354-k631,22,76,3
X-n2354-k631__seed22,X-n2354-k631,22,93,3
X-n2354-k631__seed33,X-n2354-k631,33,23,7
X-n2354-k631__seed33,X-n2354-k631,33,39,0
X-n2354-k631__seed33,X-n2354-k631,33,57,3
X-n2354-k631__seed33,X-n2354-k631,33,74,3
X-n2354-k631__seed33,X-n2354-k631,33,92,3
X-n2401-k408__seed11,X-n2401-k408,11,21,7
X-n2401-k408__seed11,X-n2401-k408,11,35,3
X-n2401-k408__seed11,X-n2401-k408,11,73,3
X-n2401-k408__seed22,X-n2401-k408,22,21,7
X-n2401-k408__seed22,X-n2401-k408,22,39,3
X-n2401-k408__seed22,X-n2401-k408,22,72,3
X-n2401-k408__seed22,X-n2401-k408,22,89,3
X-n2401-k408__seed33,X-n2401-k408,33,24,7
X-n2401-k408__seed33,X-n2401-k408,33,42,7
X-n2401-k408__seed33,X-n2401-k408,33,78,7
X-n2401-k408__seed33,X-n2401-k408,33,96,3
X-n2447-k290__seed11,X-n2447-k290,11,10,7
X-n2447-k290__seed11,X-n2447-k290,11,28,3
X-n2447-k290__seed11,X-n2447-k290,11,39,7
X-n2447-k290__seed11,X-n2447-k290,11,51,3
X-n2447-k290__seed11,X-n2447-k290,11,64,3
X-n2447-k290__seed22,X-n2447-k290,22,11,7
X-n2447-k290__seed22,X-n2447-k290,22,33,7
X-n2447-k290__seed22,X-n2447-k290,22,49,3
X-n2447-k290__seed22,X-n2447-k290,22,63,3
X-n2447-k290__seed22,X-n2447-k290,22,77,7
X-n2447-k290__seed33,X-n2447-k290,33,11,7
X-n2447-k290__seed33,X-n2447-k290,33,36,3
X-n2447-k290__seed33,X-n2447-k290,33,54,3
X-n2447-k290__seed33,X-n2447-k290,33,68,7
X-n2447-k290__seed33,X-n2447-k290,33,83,7
X-n2494-k194__seed11,X-n2494-k194,11,10,7
X-n2494-k194__seed11,X-n2494-k194,11,28,3
X-n2494-k194__seed11,X-n2494-k194,11,44,7
X-n2494-k194__seed11,X-n2494-k194,11,49,3
X-n2494-k194__seed11,X-n2494-k194,11,60,3
X-n2494-k194__seed22,X-n2494-k194,22,11,7
X-n2494-k194__seed22,X-n2494-k194,22,36,7
X-n2494-k194__seed22,X-n2494-k194,22,50,7
X-n2494-k194__seed22,X-n2494-k194,22,72,7
X-n2494-k194__seed22,X-n2494-k194,22,84,3
X-n2494-k194__seed33,X-n2494-k194,33,12,7
X-n2494-k194__seed33,X-n2494-k194,33,40,3
X-n2494-k194__seed33,X-n2494-k194,33,58,3
X-n2494-k194__seed33,X-n2494-k194,33,65,3
X-n2494-k194__seed33,X-n2494-k194,33,82,3
X-n2494-k194__seed33,X-n2494-k194,33,100,3
X-n2541-k121__seed11,X-n2541-k121,11,12,7
X-n2541-k121__seed11,X-n2541-k121,11,27,0
X-n2541-k121__seed11,X-n2541-k121,11,50,0
X-n2541-k121__seed11,X-n2541-k121,11,68,0
X-n2541-k121__seed11,X-n2541-k121,11,84,7
X-n2541-k121__seed22,X-n2541-k121,22,11,7
X-n2541-k121__seed22,X-n2541-k121,22,29,7
X-n2541-k121__seed22,X-n2541-k121,22,57,7
X-n2541-k121__seed22,X-n2541-k121,22,89,3
X-n2541-k121__seed33,X-n2541-k121,33,12,7
X-n2541-k121__seed33,X-n2541-k121,33,32,3
X-n2541-k121__seed33,X-n2541-k121,33,61,3
X-n2541-k121__seed33,X-n2541-k121,33,95,3
X-n2587-k66__seed11,X-n2587-k66,11,12,7
X-n2587-k66__seed11,X-n2587-k66,11,27,3
X-n2587-k66__seed11,X-n2587-k66,11,43,7
X-n2587-k66__seed11,X-n2587-k66,11,66,7
X-n2587-k66__seed11,X-n2587-k66,11,82,3
X-n2587-k66__seed22,X-n2587-k66,22,11,3
X-n2587-k66__seed22,X-n2587-k66,22,28,3
X-n2587-k66__seed22,X-n2587-k66,22,48,7
X-n2587-k66__seed22,X-n2587-k66,22,69,7
X-n2587-k66__seed22,X-n2587-k66,22,89,3
X-n2587-k66__seed22,X-n2587-k66,22,98,3
X-n2587-k66__seed33,X-n2587-k66,33,12,7
X-n2587-k66__seed33,X-n2587-k66,33,31,7
X-n2587-k66__seed33,X-n2587-k66,33,53,7
X-n2587-k66__seed33,X-n2587-k66,33,76,0
X-n2587-k66__seed33,X-n2587-k66,33,97,3
X-n2634-k17__seed11,X-n2634-k17,11,11,7
X-n2634-k17__seed11,X-n2634-k17,11,25,7
X-n2634-k17__seed11,X-n2634-k17,11,38,7
X-n2634-k17__seed11,X-n2634-k17,11,54,7
X-n2634-k17__seed11,X-n2634-k17,11,69,3
X-n2634-k17__seed11,X-n2634-k17,11,81,3
X-n2634-k17__seed22,X-n2634-k17,22,11,7
X-n2634-k17__seed22,X-n2634-k17,22,26,7
X-n2634-k17__seed22,X-n2634-k17,22,43,3
X-n2634-k17__seed22,X-n2634-k17,22,60,3
X-n2634-k17__seed22,X-n2634-k17,22,73,3
X-n2634-k17__seed22,X-n2634-k17,22,90,3
X-n2634-k17__seed33,X-n2634-k17,33,12,7
X-n2634-k17__seed33,X-n2634-k17,33,30,7
X-n2634-k17__seed33,X-n2634-k17,33,47,3
X-n2634-k17__seed33,X-n2634-k17,33,66,7
X-n2634-k17__seed33,X-n2634-k17,33,82,7
X-n2634-k17__seed33,X-n2634-k17,33,99,7
X-n2681-k540__seed11,X-n2681-k540,11,17,7
X-n2681-k540__seed11,X-n2681-k540,11,28,3
X-n2681-k540__seed11,X-n2681-k540,11,40,7
X-n2681-k540__seed11,X-n2681-k540,11,52,3
X-n2681-k540__seed11,X-n2681-k540,11,65,3
X-n2681-k540__seed22,X-n2681-k540,22,17,7
X-n2681-k540__seed22,X-n2681-k540,22,32,7
X-n2681-k540__seed22,X-n2681-k540,22,48,3
X-n2681-k540__seed22,X-n2681-k540,22,62,3
X-n2681-k540__seed22,X-n2681-k540,22,77,3
X-n2681-k540__seed33,X-n2681-k540,33,20,7
X-n2681-k540__seed33,X-n2681-k540,33,35,7
X-n2681-k540__seed33,X-n2681-k540,33,51,7
X-n2681-k540__seed33,X-n2681-k540,33,68,3
X-n2681-k540__seed33,X-n2681-k540,33,83,3
X-n2727-k546__seed11,X-n2727-k546,11,11,7
X-n2727-k546__seed11,X-n2727-k546,11,28,3
X-n2727-k546__seed11,X-n2727-k546,11,38,7
X-n2727-k546__seed11,X-n2727-k546,11,52,3
X-n2727-k546__seed11,X-n2727-k546,11,65,3
X-n2727-k546__seed22,X-n2727-k546,22,11,3
X-n2727-k546__seed22,X-n2727-k546,22,35,7
X-n2727-k546__seed22,X-n2727-k546,22,52,3
X-n2727-k546__seed22,X-n2727-k546,22,65,3
X-n2727-k546__seed22,X-n2727-k546,22,79,3
X-n2727-k546__seed33,X-n2727-k546,33,12,3
X-n2727-k546__seed33,X-n2727-k546,33,38,3
X-n2727-k546__seed33,X-n2727-k546,33,55,3
X-n2727-k546__seed33,X-n2727-k546,33,69,3
X-n2727-k546__seed33,X-n2727-k546,33,83,3
X-n2774-k286__seed11,X-n2774-k286,11,10,7
X-n2774-k286__seed11,X-n2774-k286,11,27,3
X-n2774-k286__seed11,X-n2774-k286,11,32,7
X-n2774-k286__seed11,X-n2774-k286,11,42,7
X-n2774-k286__seed11,X-n2774-k286,11,55,3
X-n2774-k286__seed22,X-n2774-k286,22,10,7
X-n2774-k286__seed22,X-n2774-k286,22,31,7
X-n2774-k286__seed22,X-n2774-k286,22,48,7
X-n2774-k286__seed22,X-n2774-k286,22,54,3
X-n2774-k286__seed22,X-n2774-k286,22,67,7
X-n2774-k286__seed33,X-n2774-k286,33,12,7
X-n2774-k286__seed33,X-n2774-k286,33,43,7
X-n2774-k286__seed33,X-n2774-k286,33,62,3
X-n2774-k286__seed33,X-n2774-k286,33,76,7
X-n2774-k286__seed33,X-n2774-k286,33,89,3
X-n2821-k208__seed11,X-n2821-k208,11,11,7
X-n2821-k208__seed11,X-n2821-k208,11,28,7
X-n2821-k208__seed11,X-n2821-k208,11,38,7
X-n2821-k208__seed11,X-n2821-k208,11,54,3
X-n2821-k208__seed11,X-n2821-k208,11,70,3
X-n2821-k208__seed11,X-n2821-k208,11,83,3
X-n2821-k208__seed22,X-n2821-k208,22,11,7
X-n2821-k208__seed22,X-n2821-k208,22,36,7
X-n2821-k208__seed22,X-n2821-k208,22,47,7
X-n2821-k208__seed22,X-n2821-k208,22,62,7
X-n2821-k208__seed22,X-n2821-k208,22,78,3
X-n2821-k208__seed22,X-n2821-k208,22,94,3
X-n2821-k208__seed33,X-n2821-k208,33,12,7
X-n2821-k208__seed33,X-n2821-k208,33,42,0
X-n2821-k208__seed33,X-n2821-k208,33,61,7
X-n2821-k208__seed33,X-n2821-k208,33,69,3
X-n2821-k208__seed33,X-n2821-k208,33,86,7
X-n2821-k208__seed33,X-n2821-k208,33,105,3
X-n2867-k120__seed11,X-n2867-k120,11,11,3
X-n2867-k120__seed11,X-n2867-k120,11,25,7
X-n2867-k120__seed11,X-n2867-k120,11,46,3
X-n2867-k120__seed11,X-n2867-k120,11,56,3
X-n2867-k120__seed11,X-n2867-k120,11,71,3
X-n2867-k120__seed22,X-n2867-k120,22,11,7
X-n2867-k120__seed22,X-n2867-k120,22,27,3
X-n2867-k120__seed22,X-n2867-k120,22,49,3
X-n2867-k120__seed22,X-n2867-k120,22,61,3
X-n2867-k120__seed22,X-n2867-k120,22,77,3
X-n2867-k120__seed22,X-n2867-k120,22,92,3
X-n2867-k120__seed33,X-n2867-k120,33,11,7
X-n2867-k120__seed33,X-n2867-k120,33,30,7
X-n2867-k120__seed33,X-n2867-k120,33,52,7
X-n2867-k120__seed33,X-n2867-k120,33,64,3
X-n2867-k120__seed33,X-n2867-k120,33,80,3
X-n2914-k95__seed11,X-n2914-k95,11,10,3
X-n2914-k95__seed11,X-n2914-k95,11,21,7
X-n2914-k95__seed11,X-n2914-k95,11,32,7
X-n2914-k95__seed11,X-n2914-k95,11,49,3
X-n2914-k95__seed22,X-n2914-k95,22,10,7
X-n2914-k95__seed22,X-n2914-k95,22,24,7
X-n2914-k95__seed22,X-n2914-k95,22,43,7
X-n2914-k95__seed22,X-n2914-k95,22,61,3
X-n2914-k95__seed22,X-n2914-k95,22,68,3
X-n2914-k95__seed33,X-n2914-k95,33,11,7
X-n2914-k95__seed33,X-n2914-k95,33,27,7
X-n2914-k95__seed33,X-n2914-k95,33,49,7
X-n2914-k95__seed33,X-n2914-k95,33,65,0
X-n2914-k95__seed33,X-n2914-k95,33,72,7
X-n2961-k55__seed11,X-n2961-k55,11,11,7
X-n2961-k55__seed11,X-n2961-k55,11,24,3
X-n2961-k55__seed11,X-n2961-k55,11,37,3
X-n2961-k55__seed11,X-n2961-k55,11,55,7
X-n2961-k55__seed11,X-n2961-k55,11,71,3
X-n2961-k55__seed22,X-n2961-k55,22,11,7
X-n2961-k55__seed22,X-n2961-k55,22,27,3
X-n2961-k55__seed22,X-n2961-k55,22,45,3
X-n2961-k55__seed22,X-n2961-k55,22,62,3
X-n2961-k55__seed22,X-n2961-k55,22,78,7
X-n2961-k55__seed33,X-n2961-k55,33,12,7
X-n2961-k55__seed33,X-n2961-k55,33,30,7
X-n2961-k55__seed33,X-n2961-k55,33,49,7
X-n2961-k55__seed33,X-n2961-k55,33,69,3
X-n2961-k55__seed33,X-n2961-k55,33,86,7
X-n3007-k658__seed11,X-n3007-k658,11,19,3
X-n3007-k658__seed11,X-n3007-k658,11,32,7
X-n3007-k658__seed11,X-n3007-k658,11,46,3
X-n3007-k658__seed11,X-n3007-k658,11,60,7
X-n3007-k658__seed11,X-n3007-k658,11,74,3
X-n3007-k658__seed22,X-n3007-k658,22,20,7
X-n3007-k658__seed22,X-n3007-k658,22,37,3
X-n3007-k658__seed22,X-n3007-k658,22,53,7
X-n3007-k658__seed22,X-n3007-k658,22,68,3
X-n3007-k658__seed22,X-n3007-k658,22,84,3
X-n3007-k658__seed33,X-n3007-k658,33,21,7
X-n3007-k658__seed33,X-n3007-k658,33,39,0
X-n3007-k658__seed33,X-n3007-k658,33,59,3
X-n3007-k658__seed33,X-n3007-k658,33,77,3
X-n3007-k658__seed33,X-n3007-k658,33,94,3
X-n3054-k461__seed11,X-n3054-k461,11,14,7
X-n3054-k461__seed11,X-n3054-k461,11,40,7
X-n3054-k461__seed11,X-n3054-k461,11,48,3
X-n3054-k461__seed22,X-n3054-k461,22,15,7
X-n3054-k461__seed22,X-n3054-k461,22,42,3
X-n3054-k461__seed22,X-n3054-k461,22,63,7
X-n3054-k461__seed22,X-n3054-k461,22,78,3
X-n3054-k461__seed33,X-n3054-k461,33,14,7
X-n3054-k461__seed33,X-n3054-k461,33,44,7
X-n3054-k461__seed33,X-n3054-k461,33,72,3
X-n3054-k461__seed33,X-n3054-k461,33,80,3
X-n3101-k311__seed11,X-n3101-k311,11,10,3
X-n3101-k311__seed11,X-n3101-k311,11,29,3
X-n3101-k311__seed11,X-n3101-k311,11,40,7
X-n3101-k311__seed11,X-n3101-k311,11,53,3
X-n3101-k311__seed11,X-n3101-k311,11,67,7
X-n3101-k311__seed22,X-n3101-k311,22,11,7
X-n3101-k311__seed22,X-n3101-k311,22,31,3
X-n3101-k311__seed22,X-n3101-k311,22,46,3
X-n3101-k311__seed22,X-n3101-k311,22,59,7
X-n3101-k311__seed22,X-n3101-k311,22,71,3
X-n3101-k311__seed33,X-n3101-k311,33,11,7
X-n3101-k311__seed33,X-n3101-k311,33,33,3
X-n3101-k311__seed33,X-n3101-k311,33,47,7
X-n3101-k311__seed33,X-n3101-k311,33,62,3
X-n3101-k311__seed33,X-n3101-k311,33,76,3
X-n3147-k232__seed11,X-n3147-k232,11,11,7
X-n3147-k232__seed11,X-n3147-k232,11,30,3
X-n3147-k232__seed11,X-n3147-k232,11,35,7
X-n3147-k232__seed11,X-n3147-k232,11,47,7
X-n3147-k232__seed11,X-n3147-k232,11,59,3
X-n3147-k232__seed11,X-n3147-k232,11,73,3
X-n3147-k232__seed22,X-n3147-k232,22,10,7
X-n3147-k232__seed22,X-n3147-k232,22,34,7
X-n3147-k232__seed22,X-n3147-k232,22,42,3
X-n3147-k232__seed22,X-n3147-k232,22,56,3
X-n3147-k232__seed22,X-n3147-k232,22,71,3
X-n3147-k232__seed22,X-n3147-k232,22,85,3
X-n3147-k232__seed33,X-n3147-k232,33,12,7
X-n3147-k232__seed33,X-n3147-k232,33,38,7
X-n3147-k232__seed33,X-n3147-k232,33,55,7
X-n3147-k232__seed33,X-n3147-k232,33,61,3
X-n3147-k232__seed33,X-n3147-k232,33,78,3
X-n3194-k161__seed11,X-n3194-k161,11,11,7
X-n3194-k161__seed11,X-n3194-k161,11,31,7
X-n3194-k161__seed11,X-n3194-k161,11,45,3
X-n3194-k161__seed11,X-n3194-k161,11,51,7
X-n3194-k161__seed11,X-n3194-k161,11,66,3
X-n3194-k161__seed22,X-n3194-k161,22,10,7
X-n3194-k161__seed22,X-n3194-k161,22,33,7
X-n3194-k161__seed22,X-n3194-k161,22,44,3
X-n3194-k161__seed22,X-n3194-k161,22,60,3
X-n3194-k161__seed22,X-n3194-k161,22,74,3
X-n3194-k161__seed22,X-n3194-k161,22,89,3
X-n3194-k161__seed33,X-n3194-k161,33,12,7
X-n3194-k161__seed33,X-n3194-k161,33,36,7
X-n3194-k161__seed33,X-n3194-k161,33,46,3
X-n3194-k161__seed33,X-n3194-k161,33,65,3
X-n3194-k161__seed33,X-n3194-k161,33,80,3
X-n3194-k161__seed33,X-n3194-k161,33,97,3
X-n3241-k115__seed11,X-n3241-k115,11,18,7
X-n3241-k115__seed11,X-n3241-k115,11,28,3
X-n3241-k115__seed11,X-n3241-k115,11,40,3
X-n3241-k115__seed22,X-n3241-k115,22,21,3
X-n3241-k115__seed22,X-n3241-k115,22,37,7
X-n3241-k115__seed22,X-n3241-k115,22,50,7
X-n3241-k115__seed33,X-n3241-k115,33,10,7
X-n3241-k115__seed33,X-n3241-k115,33,28,3
X-n3241-k115__seed33,X-n3241-k115,33,41,3
X-n3241-k115__seed33,X-n3241-k115,33,60,3
X-n3287-k30__seed11,X-n3287-k30,11,10,7
X-n3287-k30__seed11,X-n3287-k30,11,22,7
X-n3287-k30__seed11,X-n3287-k30,11,33,7
X-n3287-k30__seed11,X-n3287-k30,11,46,3
X-n3287-k30__seed11,X-n3287-k30,11,60,3
X-n3287-k30__seed22,X-n3287-k30,22,10,7
X-n3287-k30__seed22,X-n3287-k30,22,22,7
X-n3287-k30__seed22,X-n3287-k30,22,34,3
X-n3287-k30__seed22,X-n3287-k30,22,47,7
X-n3287-k30__seed22,X-n3287-k30,22,60,3
X-n3287-k30__seed33,X-n3287-k30,33,11,7
X-n3287-k30__seed33,X-n3287-k30,33,26,7
X-n3287-k30__seed33,X-n3287-k30,33,41,7
X-n3287-k30__seed33,X-n3287-k30,33,57,7
X-n3287-k30__seed33,X-n3287-k30,33,74,7
X-n3334-k934__seed11,X-n3334-k934,11,19,3
X-n3334-k934__seed11,X-n3334-k934,11,31,3
X-n3334-k934__seed11,X-n3334-k934,11,43,3
X-n3334-k934__seed11,X-n3334-k934,11,56,3
X-n3334-k934__seed11,X-n3334-k934,11,70,3
X-n3334-k934__seed22,X-n3334-k934,22,19,7
X-n3334-k934__seed22,X-n3334-k934,22,35,3
X-n3334-k934__seed22,X-n3334-k934,22,51,3
X-n3334-k934__seed22,X-n3334-k934,22,65,3
X-n3334-k934__seed22,X-n3334-k934,22,79,3
X-n3334-k934__seed33,X-n3334-k934,33,22,7
X-n3334-k934__seed33,X-n3334-k934,33,39,0
X-n3334-k934__seed33,X-n3334-k934,33,56,3
X-n3334-k934__seed33,X-n3334-k934,33,74,7
X-n3334-k934__seed33,X-n3334-k934,33,90,3
X-n3408-k524__seed11,X-n3408-k524,11,17,7
X-n3408-k524__seed11,X-n3408-k524,11,28,7
X-n3408-k524__seed11,X-n3408-k524,11,40,3
X-n3408-k524__seed11,X-n3408-k524,11,53,7
X-n3408-k524__seed11,X-n3408-k524,11,65,3
X-n3408-k524__seed22,X-n3408-k524,22,17,7
X-n3408-k524__seed22,X-n3408-k524,22,31,3
X-n3408-k524__seed22,X-n3408-k524,22,47,7
X-n3408-k524__seed22,X-n3408-k524,22,60,3
X-n3408-k524__seed22,X-n3408-k524,22,73,3
X-n3408-k524__seed33,X-n3408-k524,33,21,7
X-n3408-k524__seed33,X-n3408-k524,33,35,7
X-n3408-k524__seed33,X-n3408-k524,33,51,3
X-n3408-k524__seed33,X-n3408-k524,33,67,3
X-n3408-k524__seed33,X-n3408-k524,33,81,3
X-n3484-k436__seed11,X-n3484-k436,11,10,7
X-n3484-k436__seed11,X-n3484-k436,11,23,3
X-n3484-k436__seed11,X-n3484-k436,11,31,3
X-n3484-k436__seed11,X-n3484-k436,11,40,3
X-n3484-k436__seed11,X-n3484-k436,11,49,3
X-n3484-k436__seed22,X-n3484-k436,22,15,7
X-n3484-k436__seed22,X-n3484-k436,22,28,7
X-n3484-k436__seed22,X-n3484-k436,22,42,3
X-n3484-k436__seed22,X-n3484-k436,22,53,7
X-n3484-k436__seed33,X-n3484-k436,33,14,7
X-n3484-k436__seed33,X-n3484-k436,33,32,7
X-n3484-k436__seed33,X-n3484-k436,33,60,3
X-n3484-k436__seed33,X-n3484-k436,33,75,3
X-n3561-k229__seed11,X-n3561-k229,11,11,7
X-n3561-k229__seed11,X-n3561-k229,11,24,3
X-n3561-k229__seed11,X-n3561-k229,11,31,3
X-n3561-k229__seed11,X-n3561-k229,11,41,3
X-n3561-k229__seed11,X-n3561-k229,11,54,3
X-n3561-k229__seed11,X-n3561-k229,11,65,3
X-n3561-k229__seed22,X-n3561-k229,22,10,7
X-n3561-k229__seed22,X-n3561-k229,22,29,7
X-n3561-k229__seed22,X-n3561-k229,22,39,3
X-n3561-k229__seed22,X-n3561-k229,22,54,3
X-n3561-k229__seed22,X-n3561-k229,22,67,3
X-n3561-k229__seed22,X-n3561-k229,22,81,3
X-n3561-k229__seed33,X-n3561-k229,33,11,7
X-n3561-k229__seed33,X-n3561-k229,33,44,7
X-n3561-k229__seed33,X-n3561-k229,33,62,3
X-n3561-k229__seed33,X-n3561-k229,33,77,3
X-n3561-k229__seed33,X-n3561-k229,33,92,3
X-n3640-k211__seed11,X-n3640-k211,11,10,7
X-n3640-k211__seed11,X-n3640-k211,11,23,7
X-n3640-k211__seed11,X-n3640-k211,11,33,7
X-n3640-k211__seed11,X-n3640-k211,11,44,3
X-n3640-k211__seed11,X-n3640-k211,11,56,3
X-n3640-k211__seed22,X-n3640-k211,22,10,7
X-n3640-k211__seed22,X-n3640-k211,22,26,7
X-n3640-k211__seed22,X-n3640-k211,22,41,3
X-n3640-k211__seed22,X-n3640-k211,22,56,3
X-n3640-k211__seed22,X-n3640-k211,22,69,3
X-n3640-k211__seed22,X-n3640-k211,22,83,3
X-n3640-k211__seed33,X-n3640-k211,33,11,7
X-n3640-k211__seed33,X-n3640-k211,33,37,7
X-n3640-k211__seed33,X-n3640-k211,33,44,3
X-n3640-k211__seed33,X-n3640-k211,33,63,3
X-n3640-k211__seed33,X-n3640-k211,33,77,7
X-n3640-k211__seed33,X-n3640-k211,33,94,3
X-n3721-k77__seed11,X-n3721-k77,11,18,7
X-n3721-k77__seed11,X-n3721-k77,11,25,3
X-n3721-k77__seed11,X-n3721-k77,11,35,7
X-n3721-k77__seed11,X-n3721-k77,11,45,7
X-n3721-k77__seed22,X-n3721-k77,22,19,3
X-n3721-k77__seed22,X-n3721-k77,22,29,3
X-n3721-k77__seed22,X-n3721-k77,22,43,7
X-n3721-k77__seed22,X-n3721-k77,22,55,7
X-n3721-k77__seed33,X-n3721-k77,33,10,7
X-n3721-k77__seed33,X-n3721-k77,33,21,7
X-n3721-k77__seed33,X-n3721-k77,33,32,3
X-n3721-k77__seed33,X-n3721-k77,33,43,3
X-n3721-k77__seed33,X-n3721-k77,33,56,7
X-n3804-k29__seed11,X-n3804-k29,11,11,0
X-n3804-k29__seed11,X-n3804-k29,11,22,7
X-n3804-k29__seed11,X-n3804-k29,11,34,7
X-n3804-k29__seed11,X-n3804-k29,11,46,7
X-n3804-k29__seed11,X-n3804-k29,11,58,7
X-n3804-k29__seed11,X-n3804-k29,11,75,7
X-n3804-k29__seed22,X-n3804-k29,22,10,7
X-n3804-k29__seed22,X-n3804-k29,22,25,7
X-n3804-k29__seed22,X-n3804-k29,22,40,3
X-n3804-k29__seed22,X-n3804-k29,22,55,7
X-n3804-k29__seed22,X-n3804-k29,22,68,7
X-n3804-k29__seed22,X-n3804-k29,22,82,3
X-n3804-k29__seed33,X-n3804-k29,33,12,7
X-n3804-k29__seed33,X-n3804-k29,33,28,7
X-n3804-k29__seed33,X-n3804-k29,33,43,3
X-n3804-k29__seed33,X-n3804-k29,33,61,7
X-n3804-k29__seed33,X-n3804-k29,33,77,7
X-n3804-k29__seed33,X-n3804-k29,33,94,3
X-n3888-k1010__seed11,X-n3888-k1010,11,17,7
X-n3888-k1010__seed11,X-n3888-k1010,11,24,7
X-n3888-k1010__seed11,X-n3888-k1010,11,32,3
X-n3888-k1010__seed11,X-n3888-k1010,11,38,7
X-n3888-k1010__seed22,X-n3888-k1010,22,10,7
X-n3888-k1010__seed22,X-n3888-k1010,22,20,7
X-n3888-k1010__seed22,X-n3888-k1010,22,32,3
X-n3888-k1010__seed22,X-n3888-k1010,22,44,7
X-n3888-k1010__seed22,X-n3888-k1010,22,57,3
X-n3888-k1010__seed33,X-n3888-k1010,33,11,7
X-n3888-k1010__seed33,X-n3888-k1010,33,21,7
X-n3888-k1010__seed33,X-n3888-k1010,33,34,7
X-n3888-k1010__seed33,X-n3888-k1010,33,45,7
X-n3888-k1010__seed33,X-n3888-k1010,33,58,3
X-n3975-k687__seed11,X-n3975-k687,11,17,3
X-n3975-k687__seed11,X-n3975-k687,11,35,3
X-n3975-k687__seed11,X-n3975-k687,11,46,7
X-n3975-k687__seed11,X-n3975-k687,11,58,3
X-n3975-k687__seed22,X-n3975-k687,22,17,3
X-n3975-k687__seed22,X-n3975-k687,22,30,7
X-n3975-k687__seed22,X-n3975-k687,22,47,7
X-n3975-k687__seed22,X-n3975-k687,22,59,3
X-n3975-k687__seed22,X-n3975-k687,22,72,7
X-n3975-k687__seed33,X-n3975-k687,33,20,7
X-n3975-k687__seed33,X-n3975-k687,33,30,7
X-n3975-k687__seed33,X-n3975-k687,33,50,3
X-n3975-k687__seed33,X-n3975-k687,33,67,3
X-n3975-k687__seed33,X-n3975-k687,33,81,3
X-n4063-k347__seed11,X-n4063-k347,11,10,7
X-n4063-k347__seed11,X-n4063-k347,11,22,7
X-n4063-k347__seed11,X-n4063-k347,11,31,3
X-n4063-k347__seed11,X-n4063-k347,11,41,3
X-n4063-k347__seed11,X-n4063-k347,11,51,3
X-n4063-k347__seed22,X-n4063-k347,22,10,7
X-n4063-k347__seed22,X-n4063-k347,22,26,3
X-n4063-k347__seed22,X-n4063-k347,22,40,3
X-n4063-k347__seed22,X-n4063-k347,22,54,3
X-n4063-k347__seed22,X-n4063-k347,22,67,7
X-n4063-k347__seed33,X-n4063-k347,33,12,7
X-n4063-k347__seed33,X-n4063-k347,33,31,3
X-n4063-k347__seed33,X-n4063-k347,33,46,3
X-n4063-k347__seed33,X-n4063-k347,33,63,3
X-n4063-k347__seed33,X-n4063-k347,33,77,7
X-n4153-k291__seed11,X-n4153-k291,11,10,7
X-n4153-k291__seed11,X-n4153-k291,11,21,7
X-n4153-k291__seed11,X-n4153-k291,11,26,0
X-n4153-k291__seed11,X-n4153-k291,11,36,7
X-n4153-k291__seed11,X-n4153-k291,11,44,3
X-n4153-k291__seed22,X-n4153-k291,22,26,3
X-n4153-k291__seed22,X-n4153-k291,22,41,3
X-n4153-k291__seed22,X-n4153-k291,22,52,3
X-n4153-k291__seed33,X-n4153-k291,33,10,7
X-n4153-k291__seed33,X-n4153-k291,33,34,3
X-n4153-k291__seed33,X-n4153-k291,33,44,3
X-n4153-k291__seed33,X-n4153-k291,33,55,7
X-n4245-k203__seed11,X-n4245-k203,11,10,7
X-n4245-k203__seed11,X-n4245-k203,11,21,7
X-n4245-k203__seed11,X-n4245-k203,11,33,0
X-n4245-k203__seed11,X-n4245-k203,11,41,3
X-n4245-k203__seed11,X-n4245-k203,11,51,3
X-n4245-k203__seed22,X-n4245-k203,22,10,7
X-n4245-k203__seed22,X-n4245-k203,22,27,7
X-n4245-k203__seed22,X-n4245-k203,22,39,7
X-n4245-k203__seed22,X-n4245-k203,22,53,7
X-n4245-k203__seed22,X-n4245-k203,22,64,3
X-n4245-k203__seed33,X-n4245-k203,33,11,7
X-n4245-k203__seed33,X-n4245-k203,33,36,3
X-n4245-k203__seed33,X-n4245-k203,33,43,3
X-n4245-k203__seed33,X-n4245-k203,33,59,3
X-n4245-k203__seed33,X-n4245-k203,33,74,7
X-n4340-k148__seed11,X-n4340-k148,11,10,7
X-n4340-k148__seed11,X-n4340-k148,11,20,3
X-n4340-k148__seed11,X-n4340-k148,11,33,7
X-n4340-k148__seed11,X-n4340-k148,11,45,3
X-n4340-k148__seed22,X-n4340-k148,22,21,3
X-n4340-k148__seed22,X-n4340-k148,22,45,3
X-n4340-k148__seed22,X-n4340-k148,22,65,7
X-n4340-k148__seed33,X-n4340-k148,33,11,7
X-n4340-k148__seed33,X-n4340-k148,33,31,7
X-n4340-k148__seed33,X-n4340-k148,33,63,0
X-n4436-k48__seed11,X-n4436-k48,11,18,7
X-n4436-k48__seed11,X-n4436-k48,11,24,3
X-n4436-k48__seed11,X-n4436-k48,11,31,7
X-n4436-k48__seed11,X-n4436-k48,11,38,3
X-n4436-k48__seed22,X-n4436-k48,22,16,7
X-n4436-k48__seed22,X-n4436-k48,22,26,3
X-n4436-k48__seed22,X-n4436-k48,22,35,7
X-n4436-k48__seed22,X-n4436-k48,22,47,3
X-n4436-k48__seed33,X-n4436-k48,33,10,7
X-n4436-k48__seed33,X-n4436-k48,33,23,7
X-n4436-k48__seed33,X-n4436-k48,33,36,7
X-n4436-k48__seed33,X-n4436-k48,33,48,7
X-n4436-k48__seed33,X-n4436-k48,33,64,7
X-n4535-k1134__seed11,X-n4535-k1134,11,10,7
X-n4535-k1134__seed11,X-n4535-k1134,11,20,3
X-n4535-k1134__seed11,X-n4535-k1134,11,32,3
X-n4535-k1134__seed22,X-n4535-k1134,22,12,7
X-n4535-k1134__seed22,X-n4535-k1134,22,17,3
X-n4535-k1134__seed22,X-n4535-k1134,22,31,3
X-n4535-k1134__seed22,X-n4535-k1134,22,45,3
X-n4535-k1134__seed22,X-n4535-k1134,22,53,3
X-n4535-k1134__seed33,X-n4535-k1134,33,17,7
X-n4535-k1134__seed33,X-n4535-k1134,33,35,3
X-n4535-k1134__seed33,X-n4535-k1134,33,46,3
X-n4535-k1134__seed33,X-n4535-k1134,33,59,3
X-n4635-k790__seed11,X-n4635-k790,11,16,7
X-n4635-k790__seed11,X-n4635-k790,11,21,3
X-n4635-k790__seed11,X-n4635-k790,11,31,3
X-n4635-k790__seed11,X-n4635-k790,11,41,3
X-n4635-k790__seed22,X-n4635-k790,22,15,3
X-n4635-k790__seed22,X-n4635-k790,22,27,7
X-n4635-k790__seed22,X-n4635-k790,22,44,3
X-n4635-k790__seed22,X-n4635-k790,22,59,3
X-n4635-k790__seed33,X-n4635-k790,33,18,7
X-n4635-k790__seed33,X-n4635-k790,33,28,3
X-n4635-k790__seed33,X-n4635-k790,33,44,3
X-n4635-k790__seed33,X-n4635-k790,33,54,7
X-n4635-k790__seed33,X-n4635-k790,33,72,7
X-n4738-k487__seed11,X-n4738-k487,11,16,7
X-n4738-k487__seed11,X-n4738-k487,11,24,7
X-n4738-k487__seed11,X-n4738-k487,11,29,3
X-n4738-k487__seed11,X-n4738-k487,11,38,3
X-n4738-k487__seed11,X-n4738-k487,11,48,3
X-n4738-k487__seed22,X-n4738-k487,22,16,7
X-n4738-k487__seed22,X-n4738-k487,22,34,3
X-n4738-k487__seed22,X-n4738-k487,22,49,3
X-n4738-k487__seed22,X-n4738-k487,22,59,3
X-n4738-k487__seed33,X-n4738-k487,33,19,7
X-n4738-k487__seed33,X-n4738-k487,33,31,7
X-n4738-k487__seed33,X-n4738-k487,33,41,3
X-n4738-k487__seed33,X-n4738-k487,33,67,3
X-n4844-k321__seed11,X-n4844-k321,11,10,7
X-n4844-k321__seed11,X-n4844-k321,11,21,7
X-n4844-k321__seed11,X-n4844-k321,11,27,7
X-n4844-k321__seed11,X-n4844-k321,11,36,3
X-n4844-k321__seed11,X-n4844-k321,11,46,7
X-n4844-k321__seed22,X-n4844-k321,22,26,3
X-n4844-k321__seed22,X-n4844-k321,22,36,7
X-n4844-k321__seed22,X-n4844-k321,22,52,3
X-n4844-k321__seed22,X-n4844-k321,22,63,3
X-n4844-k321__seed33,X-n4844-k321,33,12,7
X-n4844-k321__seed33,X-n4844-k321,33,31,7
X-n4844-k321__seed33,X-n4844-k321,33,43,3
X-n4844-k321__seed33,X-n4844-k321,33,60,7
X-n4844-k321__seed33,X-n4844-k321,33,74,7
X-n4951-k203__seed11,X-n4951-k203,11,17,0
X-n4951-k203__seed11,X-n4951-k203,11,29,3
X-n4951-k203__seed22,X-n4951-k203,22,20,7
X-n4951-k203__seed22,X-n4951-k203,22,35,3
X-n4951-k203__seed22,X-n4951-k203,22,42,3
X-n4951-k203__seed22,X-n4951-k203,22,53,3
X-n4951-k203__seed33,X-n4951-k203,33,11,3
X-n4951-k203__seed33,X-n4951-k203,33,29,7
X-n4951-k203__seed33,X-n4951-k203,33,35,7
X-n4951-k203__seed33,X-n4951-k203,33,47,7
X-n4951-k203__seed33,X-n4951-k203,33,57,3
X-n5061-k184__seed11,X-n5061-k184,11,16,3
X-n5061-k184__seed11,X-n5061-k184,11,23,7
X-n5061-k184__seed11,X-n5061-k184,11,32,3
X-n5061-k184__seed11,X-n5061-k184,11,37,7
X-n5061-k184__seed22,X-n5061-k184,22,19,7
X-n5061-k184__seed22,X-n5061-k184,22,34,3
X-n5061-k184__seed22,X-n5061-k184,22,42,7
X-n5061-k184__seed22,X-n5061-k184,22,51,3
X-n5061-k184__seed33,X-n5061-k184,33,10,7
X-n5061-k184__seed33,X-n5061-k184,33,26,7
X-n5061-k184__seed33,X-n5061-k184,33,38,3
X-n5061-k184__seed33,X-n5061-k184,33,49,7
X-n5061-k184__seed33,X-n5061-k184,33,62,3
X-n5174-k55__seed11,X-n5174-k55,11,10,7
X-n5174-k55__seed11,X-n5174-k55,11,18,3
X-n5174-k55__seed11,X-n5174-k55,11,25,7
X-n5174-k55__seed11,X-n5174-k55,11,33,7
X-n5174-k55__seed11,X-n5174-k55,11,42,7
X-n5174-k55__seed22,X-n5174-k55,22,18,3
X-n5174-k55__seed22,X-n5174-k55,22,27,3
X-n5174-k55__seed22,X-n5174-k55,22,37,7
X-n5174-k55__seed22,X-n5174-k55,22,49,3
X-n5174-k55__seed33,X-n5174-k55,33,10,7
X-n5174-k55__seed33,X-n5174-k55,33,21,7
X-n5174-k55__seed33,X-n5174-k55,33,31,7
X-n5174-k55__seed33,X-n5174-k55,33,38,7
X-n5174-k55__seed33,X-n5174-k55,33,49,7
X-n5288-k1246__seed11,X-n5288-k1246,11,13,7
X-n5288-k1246__seed11,X-n5288-k1246,11,24,3
X-n5288-k1246__seed11,X-n5288-k1246,11,31,3
X-n5288-k1246__seed11,X-n5288-k1246,11,42,3
X-n5288-k1246__seed22,X-n5288-k1246,22,15,3
X-n5288-k1246__seed22,X-n5288-k1246,22,27,3
X-n5288-k1246__seed22,X-n5288-k1246,22,36,3
X-n5288-k1246__seed22,X-n5288-k1246,22,47,3
X-n5288-k1246__seed22,X-n5288-k1246,22,59,3
X-n5288-k1246__seed33,X-n5288-k1246,33,13,7
X-n5288-k1246__seed33,X-n5288-k1246,33,26,3
X-n5288-k1246__seed33,X-n5288-k1246,33,39,3
X-n5288-k1246__seed33,X-n5288-k1246,33,55,3
X-n5288-k1246__seed33,X-n5288-k1246,33,67,3
X-n5406-k783__seed11,X-n5406-k783,11,14,7
X-n5406-k783__seed11,X-n5406-k783,11,27,0
X-n5406-k783__seed11,X-n5406-k783,11,32,3
X-n5406-k783__seed11,X-n5406-k783,11,41,0
X-n5406-k783__seed22,X-n5406-k783,22,13,7
X-n5406-k783__seed22,X-n5406-k783,22,19,7
X-n5406-k783__seed22,X-n5406-k783,22,31,3
X-n5406-k783__seed22,X-n5406-k783,22,46,3
X-n5406-k783__seed33,X-n5406-k783,33,15,7
X-n5406-k783__seed33,X-n5406-k783,33,19,7
X-n5406-k783__seed33,X-n5406-k783,33,33,3
X-n5406-k783__seed33,X-n5406-k783,33,42,0
X-n5526-k553__seed11,X-n5526-k553,11,19,3
X-n5526-k553__seed11,X-n5526-k553,11,29,7
X-n5526-k553__seed22,X-n5526-k553,22,11,3
X-n5526-k553__seed22,X-n5526-k553,22,22,3
X-n5526-k553__seed22,X-n5526-k553,22,31,3
X-n5526-k553__seed22,X-n5526-k553,22,48,3
X-n5526-k553__seed33,X-n5526-k553,33,12,7
X-n5526-k553__seed33,X-n5526-k553,33,25,3
X-n5526-k553__seed33,X-n5526-k553,33,32,7
X-n5526-k553__seed33,X-n5526-k553,33,41,3
X-n5526-k553__seed33,X-n5526-k553,33,51,3
X-n5649-k401__seed11,X-n5649-k401,11,10,7
X-n5649-k401__seed11,X-n5649-k401,11,19,7
X-n5649-k401__seed11,X-n5649-k401,11,25,7
X-n5649-k401__seed11,X-n5649-k401,11,34,3
X-n5649-k401__seed11,X-n5649-k401,11,42,3
X-n5649-k401__seed22,X-n5649-k401,22,21,3
X-n5649-k401__seed22,X-n5649-k401,22,31,3
X-n5649-k401__seed22,X-n5649-k401,22,45,7
X-n5649-k401__seed22,X-n5649-k401,22,54,7
X-n5649-k401__seed33,X-n5649-k401,33,12,7
X-n5649-k401__seed33,X-n5649-k401,33,27,3
X-n5649-k401__seed33,X-n5649-k401,33,39,7
X-n5649-k401__seed33,X-n5649-k401,33,53,7
X-n5649-k401__seed33,X-n5649-k401,33,67,7
X-n5774-k290__seed11,X-n5774-k290,11,19,3
X-n5774-k290__seed11,X-n5774-k290,11,24,7
X-n5774-k290__seed11,X-n5774-k290,11,32,7
X-n5774-k290__seed11,X-n5774-k290,11,40,3
X-n5774-k290__seed22,X-n5774-k290,22,23,7
X-n5774-k290__seed22,X-n5774-k290,22,29,3
X-n5774-k290__seed22,X-n5774-k290,22,40,7
X-n5774-k290__seed22,X-n5774-k290,22,49,3
X-n5774-k290__seed33,X-n5774-k290,33,10,7
X-n5774-k290__seed33,X-n5774-k290,33,30,7
X-n5774-k290__seed33,X-n5774-k290,33,45,3
X-n5774-k290__seed33,X-n5774-k290,33,57,7
X-n5902-k122__seed11,X-n5902-k122,11,16,7
X-n5902-k122__seed11,X-n5902-k122,11,22,7
X-n5902-k122__seed11,X-n5902-k122,11,30,3
X-n5902-k122__seed22,X-n5902-k122,22,18,7
X-n5902-k122__seed22,X-n5902-k122,22,28,3
X-n5902-k122__seed22,X-n5902-k122,22,43,7
X-n5902-k122__seed33,X-n5902-k122,33,10,7
X-n5902-k122__seed33,X-n5902-k122,33,18,7
X-n5902-k122__seed33,X-n5902-k122,33,31,7
X-n5902-k122__seed33,X-n5902-k122,33,46,3
X-n6034-k61__seed11,X-n6034-k61,11,16,7
X-n6034-k61__seed11,X-n6034-k61,11,22,7
X-n6034-k61__seed11,X-n6034-k61,11,28,7
X-n6034-k61__seed11,X-n6034-k61,11,35,3
X-n6034-k61__seed22,X-n6034-k61,22,16,7
X-n6034-k61__seed22,X-n6034-k61,22,23,7
X-n6034-k61__seed22,X-n6034-k61,22,31,7
X-n6034-k61__seed22,X-n6034-k61,22,39,3
X-n6034-k61__seed33,X-n6034-k61,33,10,7
X-n6034-k61__seed33,X-n6034-k61,33,18,7
X-n6034-k61__seed33,X-n6034-k61,33,28,7
X-n6034-k61__seed33,X-n6034-k61,33,33,7
X-n6034-k61__seed33,X-n6034-k61,33,40,7
X-n6168-k1922__seed11,X-n6168-k1922,11,10,7
X-n6168-k1922__seed11,X-n6168-k1922,11,18,7
X-n6168-k1922__seed11,X-n6168-k1922,11,28,7
X-n6168-k1922__seed11,X-n6168-k1922,11,35,7
X-n6168-k1922__seed11,X-n6168-k1922,11,43,3
X-n6168-k1922__seed22,X-n6168-k1922,22,18,3
X-n6168-k1922__seed22,X-n6168-k1922,22,29,3
X-n6168-k1922__seed22,X-n6168-k1922,22,41,3
X-n6168-k1922__seed22,X-n6168-k1922,22,51,3
X-n6168-k1922__seed33,X-n6168-k1922,33,11,7
X-n6168-k1922__seed33,X-n6168-k1922,33,23,3
X-n6168-k1922__seed33,X-n6168-k1922,33,35,3
X-n6168-k1922__seed33,X-n6168-k1922,33,46,3
X-n6168-k1922__seed33,X-n6168-k1922,33,58,3
X-n6305-k1042__seed11,X-n6305-k1042,11,13,7
X-n6305-k1042__seed11,X-n6305-k1042,11,20,7
X-n6305-k1042__seed11,X-n6305-k1042,11,32,3
X-n6305-k1042__seed22,X-n6305-k1042,22,14,0
X-n6305-k1042__seed22,X-n6305-k1042,22,25,7
X-n6305-k1042__seed22,X-n6305-k1042,22,34,3
X-n6305-k1042__seed33,X-n6305-k1042,33,14,7
X-n6305-k1042__seed33,X-n6305-k1042,33,28,3
X-n6305-k1042__seed33,X-n6305-k1042,33,40,3
X-n6445-k628__seed11,X-n6445-k628,11,10,7
X-n6445-k628__seed11,X-n6445-k628,11,21,3
X-n6445-k628__seed11,X-n6445-k628,11,30,7
X-n6445-k628__seed11,X-n6445-k628,11,37,3
X-n6445-k628__seed22,X-n6445-k628,22,18,3
X-n6445-k628__seed22,X-n6445-k628,22,33,7
X-n6445-k628__seed22,X-n6445-k628,22,49,3
X-n6445-k628__seed33,X-n6445-k628,33,11,7
X-n6445-k628__seed33,X-n6445-k628,33,23,3
X-n6445-k628__seed33,X-n6445-k628,33,35,7
X-n6445-k628__seed33,X-n6445-k628,33,54,3
X-n6445-k628__seed33,X-n6445-k628,33,60,3
X-n6588-k473__seed11,X-n6588-k473,11,16,7
X-n6588-k473__seed11,X-n6588-k473,11,22,7
X-n6588-k473__seed11,X-n6588-k473,11,29,3
X-n6588-k473__seed11,X-n6588-k473,11,35,3
X-n6588-k473__seed22,X-n6588-k473,22,17,7
X-n6588-k473__seed22,X-n6588-k473,22,26,3
X-n6588-k473__seed22,X-n6588-k473,22,35,7
X-n6588-k473__seed22,X-n6588-k473,22,45,3
X-n6588-k473__seed33,X-n6588-k473,33,17,7
X-n6588-k473__seed33,X-n6588-k473,33,29,7
X-n6588-k473__seed33,X-n6588-k473,33,36,7
X-n6588-k473__seed33,X-n6588-k473,33,45,3
X-n6734-k330__seed11,X-n6734-k330,11,17,0
X-n6734-k330__seed11,X-n6734-k330,11,20,3
X-n6734-k330__seed11,X-n6734-k330,11,25,3
X-n6734-k330__seed11,X-n6734-k330,11,30,3
X-n6734-k330__seed22,X-n6734-k330,22,15,7
X-n6734-k330__seed22,X-n6734-k330,22,22,7
X-n6734-k330__seed22,X-n6734-k330,22,28,7
X-n6734-k330__seed22,X-n6734-k330,22,35,7
X-n6734-k330__seed33,X-n6734-k330,33,10,7
X-n6734-k330__seed33,X-n6734-k330,33,24,3
X-n6734-k330__seed33,X-n6734-k330,33,35,3
X-n6884-k148__seed11,X-n6884-k148,11,14,7
X-n6884-k148__seed11,X-n6884-k148,11,19,7
X-n6884-k148__seed11,X-n6884-k148,11,23,3
X-n6884-k148__seed22,X-n6884-k148,22,14,7
X-n6884-k148__seed22,X-n6884-k148,22,20,7
X-n6884-k148__seed22,X-n6884-k148,22,30,3
X-n6884-k148__seed33,X-n6884-k148,33,17,7
X-n6884-k148__seed33,X-n6884-k148,33,30,3
X-n6884-k148__seed33,X-n6884-k148,33,39,3
X-n7037-k38__seed11,X-n7037-k38,11,16,7
X-n7037-k38__seed11,X-n7037-k38,11,21,7
X-n7037-k38__seed11,X-n7037-k38,11,27,3
X-n7037-k38__seed11,X-n7037-k38,11,32,7
X-n7037-k38__seed22,X-n7037-k38,22,16,7
X-n7037-k38__seed22,X-n7037-k38,22,26,7
X-n7037-k38__seed22,X-n7037-k38,22,34,3
X-n7037-k38__seed22,X-n7037-k38,22,45,3
X-n7037-k38__seed33,X-n7037-k38,33,10,7
X-n7037-k38__seed33,X-n7037-k38,33,19,7
X-n7037-k38__seed33,X-n7037-k38,33,29,7
X-n7037-k38__seed33,X-n7037-k38,33,38,7
X-n7037-k38__seed33,X-n7037-k38,33,49,7
X-n7193-k1683__seed11,X-n7193-k1683,11,15,7
X-n7193-k1683__seed11,X-n7193-k1683,11,20,7
X-n7193-k1683__seed11,X-n7193-k1683,11,24,3
X-n7193-k1683__seed22,X-n7193-k1683,22,16,3
X-n7193-k1683__seed22,X-n7193-k1683,22,24,3
X-n7193-k1683__seed22,X-n7193-k1683,22,29,0
X-n7193-k1683__seed22,X-n7193-k1683,22,36,3
X-n7193-k1683__seed33,X-n7193-k1683,33,17,7
X-n7193-k1683__seed33,X-n7193-k1683,33,27,7
X-n7193-k1683__seed33,X-n7193-k1683,33,34,3
X-n7193-k1683__seed33,X-n7193-k1683,33,41,3
X-n7353-k1471__seed11,X-n7353-k1471,11,10,7
X-n7353-k1471__seed11,X-n7353-k1471,11,19,7
X-n7353-k1471__seed11,X-n7353-k1471,11,30,3
X-n7353-k1471__seed22,X-n7353-k1471,22,14,3
X-n7353-k1471__seed22,X-n7353-k1471,22,29,0
X-n7353-k1471__seed22,X-n7353-k1471,22,34,3
X-n7353-k1471__seed22,X-n7353-k1471,22,49,3
X-n7353-k1471__seed33,X-n7353-k1471,33,16,7
X-n7353-k1471__seed33,X-n7353-k1471,33,22,7
X-n7353-k1471__seed33,X-n7353-k1471,33,37,3
X-n7353-k1471__seed33,X-n7353-k1471,33,42,0
X-n7516-k859__seed11,X-n7516-k859,11,11,7
X-n7516-k859__seed11,X-n7516-k859,11,21,3
X-n7516-k859__seed22,X-n7516-k859,22,12,7
X-n7516-k859__seed22,X-n7516-k859,22,26,3
X-n7516-k859__seed22,X-n7516-k859,22,35,3
X-n7516-k859__seed33,X-n7516-k859,33,11,7
X-n7516-k859__seed33,X-n7516-k859,33,15,3
X-n7516-k859__seed33,X-n7516-k859,33,29,3
X-n7516-k859__seed33,X-n7516-k859,33,38,3
X-n7683-k602__seed11,X-n7683-k602,11,14,7
X-n7683-k602__seed11,X-n7683-k602,11,19,7
X-n7683-k602__seed11,X-n7683-k602,11,23,3
X-n7683-k602__seed11,X-n7683-k602,11,28,3
X-n7683-k602__seed22,X-n7683-k602,22,14,7
X-n7683-k602__seed22,X-n7683-k602,22,20,3
X-n7683-k602__seed22,X-n7683-k602,22,26,3
X-n7683-k602__seed22,X-n7683-k602,22,32,3
X-n7683-k602__seed33,X-n7683-k602,33,10,7
X-n7683-k602__seed33,X-n7683-k602,33,16,3
X-n7683-k602__seed33,X-n7683-k602,33,23,3
X-n7683-k602__seed33,X-n7683-k602,33,31,7
X-n7854-k365__seed11,X-n7854-k365,11,14,7
X-n7854-k365__seed22,X-n7854-k365,22,16,3
X-n7854-k365__seed22,X-n7854-k365,22,22,7
X-n7854-k365__seed22,X-n7854-k365,22,27,7
X-n7854-k365__seed33,X-n7854-k365,33,18,3
X-n7854-k365__seed33,X-n7854-k365,33,28,3
X-n8028-k294__seed11,X-n8028-k294,11,17,7
X-n8028-k294__seed11,X-n8028-k294,11,21,7
X-n8028-k294__seed11,X-n8028-k294,11,27,3
X-n8028-k294__seed11,X-n8028-k294,11,32,3
X-n8028-k294__seed22,X-n8028-k294,22,17,7
X-n8028-k294__seed22,X-n8028-k294,22,26,7
X-n8028-k294__seed22,X-n8028-k294,22,39,7
X-n8028-k294__seed33,X-n8028-k294,33,10,7
X-n8028-k294__seed33,X-n8028-k294,33,18,7
X-n8028-k294__seed33,X-n8028-k294,33,31,7
X-n8028-k294__seed33,X-n8028-k294,33,37,3
X-n8207-k108__seed11,X-n8207-k108,11,13,7
X-n8207-k108__seed11,X-n8207-k108,11,18,7
X-n8207-k108__seed11,X-n8207-k108,11,22,7
X-n8207-k108__seed22,X-n8207-k108,22,12,7
X-n8207-k108__seed22,X-n8207-k108,22,17,3
X-n8207-k108__seed22,X-n8207-k108,22,22,3
X-n8207-k108__seed22,X-n8207-k108,22,29,7
X-n8207-k108__seed33,X-n8207-k108,33,14,7
X-n8207-k108__seed33,X-n8207-k108,33,21,7
X-n8207-k108__seed33,X-n8207-k108,33,28,7
X-n8389-k2028__seed11,X-n8389-k2028,11,14,3
X-n8389-k2028__seed11,X-n8389-k2028,11,19,3
X-n8389-k2028__seed11,X-n8389-k2028,11,24,3
X-n8389-k2028__seed22,X-n8389-k2028,22,14,0
X-n8389-k2028__seed22,X-n8389-k2028,22,18,3
X-n8389-k2028__seed22,X-n8389-k2028,22,24,3
X-n8389-k2028__seed33,X-n8389-k2028,33,16,3
X-n8389-k2028__seed33,X-n8389-k2028,33,22,7
X-n8389-k2028__seed33,X-n8389-k2028,33,30,3
X-n8575-k1297__seed11,X-n8575-k1297,11,16,7
X-n8575-k1297__seed11,X-n8575-k1297,11,21,7
X-n8575-k1297__seed11,X-n8575-k1297,11,25,3
X-n8575-k1297__seed11,X-n8575-k1297,11,33,3
X-n8575-k1297__seed22,X-n8575-k1297,22,17,3
X-n8575-k1297__seed22,X-n8575-k1297,22,28,3
X-n8575-k1297__seed22,X-n8575-k1297,22,39,3
X-n8575-k1297__seed33,X-n8575-k1297,33,10,7
X-n8575-k1297__seed33,X-n8575-k1297,33,19,3
X-n8575-k1297__seed33,X-n8575-k1297,33,30,7
X-n8575-k1297__seed33,X-n8575-k1297,33,37,3
X-n8575-k1297__seed33,X-n8575-k1297,33,47,3
X-n8766-k1032__seed11,X-n8766-k1032,11,14,7
X-n8766-k1032__seed11,X-n8766-k1032,11,19,7
X-n8766-k1032__seed11,X-n8766-k1032,11,22,3
X-n8766-k1032__seed22,X-n8766-k1032,22,14,0
X-n8766-k1032__seed22,X-n8766-k1032,22,19,3
X-n8766-k1032__seed22,X-n8766-k1032,22,25,0
X-n8766-k1032__seed22,X-n8766-k1032,22,29,3
X-n8766-k1032__seed33,X-n8766-k1032,33,10,7
X-n8766-k1032__seed33,X-n8766-k1032,33,17,3
X-n8766-k1032__seed33,X-n8766-k1032,33,24,7
X-n8766-k1032__seed33,X-n8766-k1032,33,31,3
X-n8960-k634__seed11,X-n8960-k634,11,14,7
X-n8960-k634__seed11,X-n8960-k634,11,18,3
X-n8960-k634__seed11,X-n8960-k634,11,22,3
X-n8960-k634__seed22,X-n8960-k634,22,14,0
X-n8960-k634__seed22,X-n8960-k634,22,17,3
X-n8960-k634__seed22,X-n8960-k634,22,23,3
X-n8960-k634__seed22,X-n8960-k634,22,28,7
X-n8960-k634__seed33,X-n8960-k634,33,10,7
X-n8960-k634__seed33,X-n8960-k634,33,15,3
X-n8960-k634__seed33,X-n8960-k634,33,22,3
X-n8960-k634__seed33,X-n8960-k634,33,29,3
X-n9160-k379__seed11,X-n9160-k379,11,16,7
X-n9160-k379__seed11,X-n9160-k379,11,19,7
X-n9160-k379__seed11,X-n9160-k379,11,23,3
X-n9160-k379__seed11,X-n9160-k379,11,28,3
X-n9160-k379__seed22,X-n9160-k379,22,15,3
X-n9160-k379__seed22,X-n9160-k379,22,20,3
X-n9160-k379__seed22,X-n9160-k379,22,27,3
X-n9160-k379__seed22,X-n9160-k379,22,34,3
X-n9160-k379__seed33,X-n9160-k379,33,22,7
X-n9160-k379__seed33,X-n9160-k379,33,27,7
X-n9160-k379__seed33,X-n9160-k379,33,33,7
X-n9160-k379__seed33,X-n9160-k379,33,42,7
X-n9363-k209__seed11,X-n9363-k209,11,11,7
X-n9363-k209__seed11,X-n9363-k209,11,15,7
X-n9363-k209__seed11,X-n9363-k209,11,19,7
X-n9363-k209__seed22,X-n9363-k209,22,12,7
X-n9363-k209__seed22,X-n9363-k209,22,17,3
X-n9363-k209__seed22,X-n9363-k209,22,21,3
X-n9363-k209__seed33,X-n9363-k209,33,12,7
X-n9363-k209__seed33,X-n9363-k209,33,18,7
X-n9363-k209__seed33,X-n9363-k209,33,26,7
X-n9571-k55__seed11,X-n9571-k55,11,13,7
X-n9571-k55__seed11,X-n9571-k55,11,18,7
X-n9571-k55__seed11,X-n9571-k55,11,22,3
X-n9571-k55__seed22,X-n9571-k55,22,14,7
X-n9571-k55__seed22,X-n9571-k55,22,18,7
X-n9571-k55__seed22,X-n9571-k55,22,25,7
X-n9571-k55__seed22,X-n9571-k55,22,30,7
X-n9571-k55__seed33,X-n9571-k55,33,16,7
X-n9571-k55__seed33,X-n9571-k55,33,23,7
X-n9571-k55__seed33,X-n9571-k55,33,30,7
X-n9784-k2774__seed11,X-n9784-k2774,11,13,7
X-n9784-k2774__seed11,X-n9784-k2774,11,18,7
X-n9784-k2774__seed11,X-n9784-k2774,11,22,3
X-n9784-k2774__seed22,X-n9784-k2774,22,14,3
X-n9784-k2774__seed22,X-n9784-k2774,22,19,7
X-n9784-k2774__seed22,X-n9784-k2774,22,26,3
X-n9784-k2774__seed33,X-n9784-k2774,33,15,7
X-n9784-k2774__seed33,X-n9784-k2774,33,21,7
X-n9784-k2774__seed33,X-n9784-k2774,33,29,7
