instance,depot,cust,demand,Q,r_tab
XL-n1048-k237,E,R,SL,128,4.7
XL-n1094-k157,C,C (6),U,7,7.8
XL-n1141-k112,R,RC (3),50-100,761,10.2
XL-n1188-k96,R,RC (3),Q,782,12.4
XL-n1234-k55,E,R,1-10,126,22.7
XL-n1281-k29,C,C (5),1-100,2267,45.5
XL-n1328-k19,R,RC (3),5-10,542,72.6
XL-n1374-k278,C,R,Q,248,4.9
XL-n1421-k232,E,C (4),1-100,309,6.1
XL-n1468-k151,E,R,50-100,726,9.7
XL-n1514-k106,C,RC (4),5-10,107,14.2
XL-n1561-k75,R,C (4),U,21,21.9
XL-n1608-k39,C,RC (3),SL,337,42.1
XL-n1654-k11,E,R,1-10,845,155.4
XL-n1701-k562,R,C (6),50-100,227,3.0
XL-n1748-k271,R,C (3),Q,270,6.4
XL-n1794-k163,C,R,U,11,11.2
XL-n1841-k126,E,RC (2),SL,186,14.6
XL-n1888-k82,E,R,5-10,173,23.1
XL-n1934-k46,C,C (6),1-100,2166,42.2
XL-n1981-k13,R,RC (2),1-10,832,153.5
XL-n2028-k617,C,C (6),50-100,247,3.3
XL-n2074-k264,E,R,1-100,401,7.8
XL-n2121-k186,R,RC (5),1-10,62,11.4
XL-n2168-k138,C,R,Q,800,15.7
XL-n2214-k131,R,C (5),U,17,17.8
XL-n2261-k54,E,RC (5),5-10,319,42.5
XL-n2307-k34,C,R,SL,479,69.6
XL-n2354-k631,E,C (4),5-10,28,3.7
XL-n2401-k408,R,RC (4),Q,303,5.9
XL-n2447-k290,C,RC (2),SL,150,8.4
XL-n2494-k194,E,C (2),1-100,661,12.9
XL-n2541-k121,R,R,U,21,21.7
XL-n2587-k66,C,R,50-100,2986,39.6
XL-n2634-k17,R,C (4),1-10,898,162.6
XL-n2681-k540,E,RC (3),1-100,251,5.0
XL-n2727-k546,C,RC (5),U,5,5.3
XL-n2774-k286,E,C (5),50-100,731,9.7
XL-n2821-k208,R,R,SL,179,13.5
XL-n2867-k120,R,C (4),5-10,180,23.9
XL-n2914-k95,C,RC (3),Q,1663,30.8
XL-n2961-k55,E,R,1-10,297,53.8
XL-n3007-k658,C,R,1-10,25,4.4
XL-n3054-k461,E,RC (4),50-100,497,6.6
XL-n3101-k311,R,C (3),SL,159,10.0
XL-n3147-k232,R,RC (6),5-10,102,13.6
XL-n3194-k161,C,R,Q,1012,19.9
XL-n3241-k115,E,C (4),1-100,1404,28.3
XL-n3287-k30,C,C (2),U,111,112.0
XL-n3334-k934,E,R,1-10,20,3.5
XL-n3408-k524,R,RC (3),Q,353,6.5
XL-n3484-k436,E,C (6),U,8,8.2
XL-n3561-k229,C,RC (5),1-100,779,15.6
XL-n3640-k211,R,R,5-10,130,17.2
XL-n3721-k77,E,RC (2),SL,371,48.8
XL-n3804-k29,C,R,50-100,10064,134.0
XL-n3888-k1010,R,C (2),SL,128,4.2
XL-n3975-k687,C,RC (4),1-10,32,5.6
XL-n4063-k347,E,R,Q,598,11.7
XL-n4153-k291,R,C (3),1-100,726,14.3
XL-n4245-k203,R,R,U,21,21.0
XL-n4340-k148,E,RC (6),50-100,2204,29.3
XL-n4436-k48,C,C (4),5-10,706,94.1
XL-n4535-k1134,R,C (4),U,4,4.3
XL-n4635-k790,C,RC (4),1-100,294,5.9
XL-n4738-k487,E,R,Q,499,9.7
XL-n4844-k321,R,R,SL,188,15.1
XL-n4951-k203,E,RC (5),50-100,1848,24.5
XL-n5061-k184,C,C (5),5-10,206,27.4
XL-n5174-k55,C,C (6),1-10,520,94.1
XL-n5288-k1246,E,R,50-100,318,4.2
XL-n5406-k783,R,RC (2),1-10,38,6.8
XL-n5526-k553,R,C (3),U,10,10.0
XL-n5649-k401,E,R,SL,181,14.1
XL-n5774-k290,C,RC (4),1-100,1012,19.9
XL-n5902-k122,E,RC (3),Q,2663,48.8
XL-n6034-k61,R,C (5),5-10,744,98.9
XL-n6168-k1922,C,R,1-100,162,3.2
XL-n6305-k1042,R,RC (2),Q,268,6.0
XL-n6445-k628,E,R,5-10,77,10.2
XL-n6588-k473,C,C (4),1-10,76,13.8
XL-n6734-k330,R,RC (2),50-100,1534,20.4
XL-n6884-k148,E,C (4),SL,357,46.4
XL-n7037-k38,C,R,U,187,187.1
XL-n7193-k1683,E,RC (2),5-10,32,4.2
XL-n7353-k1471,R,R,U,5,5.1
XL-n7516-k859,C,C (2),1-100,439,8.8
XL-n7683-k602,R,RC (3),50-100,957,12.8
XL-n7854-k365,E,C (2),SL,223,21.5
XL-n8028-k294,C,R,Q,1386,27.3
XL-n8207-k108,C,C (2),1-10,415,75.9
XL-n8389-k2028,E,RC (4),1-100,208,4.1
XL-n8575-k1297,R,R,1-10,36,6.5
XL-n8766-k1032,R,RC (4),50-100,637,8.5
XL-n8960-k634,E,C (5),5-10,106,14.1
XL-n9160-k379,C,R,SL,237,24.2
XL-n9363-k209,C,RC (2),U,45,45.2
XL-n9571-k55,R,R,Q,8773,174.7
XL-n9784-k2774,E,C (4),1-10,19,3.4
XL-n10001-k1570,E,RC (2),50-100,479,6.4
