instance,n,K,bks,AILS-II_best,AILS-II_mean,FILO_best,FILO_mean,FILO2_best,FILO2_mean,KGLSXXL_best,KGLSXXL_mean,HGS-CVRP_best,HGS-CVRP_mean,SISRs_best,SISRs_mean,LKH-3_best,LKH-3_mean,OR-Tools_best,OR-Tools_mean,DRSCI_best,DRSCI_mean,DRISPI_best,DRISPI_mean
XL-n1048-k237,1048,237,380107,380211,380369.4,381718,382614.6,381304,382348.5,384530,385633.1,380991,381444.8,380675,381338.8,381021,381811.7,385826,387505.2,382116,382116,380637,380835.7
XL-n1094-k157,1094,157,112431,112431,112452.6,112437,112468.1,112432,112466.1,112616,112695.7,112462,112514.8,112492,112562.7,112815,112970.8,114525,114916.3,112499,112499,112441,112442.7
XL-n1141-k112,1141,112,95638,95727,95798.9,95764,95901.6,95767,95881.5,96343,96443.3,95863,96029.4,95810,96028.4,101676,102963.8,100163,100807.8,96198,96198,95849,95873.3
XL-n1188-k96,1188,96,104402,104415,104511.6,104556,104705.8,104563,104690.6,105089,105249.1,104640,104812.1,104574,104772,106168,106752.8,109745,110702,104916,104916,104590,104624.0
XL-n1234-k55,1234,55,96603,96647,96787.3,96715,96892.3,96766,96865.6,97316,97486.3,97077,97386.2,96785,96928.9,97868,98200.5,102270,103150.6,97036,97036,96809,96853.7
XL-n1281-k29,1281,29,31083,31105,31201.3,31107,31187.1,31101,31174.1,31236,31356.1,31170,31239.3,31235,31365.9,31567,31799.5,32901,33444.8,31304,31304,31168,31194.7
XL-n1328-k19,1328,19,38201,38248,38317.4,38247,38315,38248,38326.1,38472,38626.2,38261,38380.9,38394,38533.2,38765,39053.5,40847,41921.6,38396,38396,38288,38322.0
XL-n1374-k278,1374,278,232940,233049,233248,233572,233836.9,233394,233796.3,234293,234614.6,233643,233935.9,233396,233674.4,271327,280689.7,244408,246752.1,233896,233896,233360,233410.0
XL-n1421-k232,1421,232,384646,384826,384949.2,385757,386057.5,385793,385998.9,387321,387806.7,385944,386806.4,385059,385291.3,391667,393269.9,394394,395782,386970,386970,385216,385280.0
XL-n1468-k151,1468,151,250028,250166,250305.2,250487,250685.1,250428,250689.6,251526,251767.9,250979,251416.3,250490,250807.6,297764,307088,258121,259274.1,251231,251231,250506,250551.3
XL-n1514-k106,1514,106,92398,92425,92489.7,92472,92552.3,92465,92550.3,92929,93084.8,92605,92751.6,92542,92706.2,93486,93840.6,97748,98696.6,92642,92642,92468,92514.3
XL-n1561-k75,1561,75,101540,101549,101583.3,101567,101598.4,101567,101600.8,101728,101807.8,101654,101756,101634,101694.6,102056,102215.2,104477,104883.9,101621,101621,101593,101619.0
XL-n1608-k39,1608,39,48009,48021,48064.3,48048,48209.4,48055,48169.2,48160,48409,48022,48136.7,48183,48368.7,48573,48842,51093,52137.1,48203,48203,48075,48087.3
XL-n1654-k11,1654,11,36370,36385,36429.1,36405,36443.6,36403,36444,36598,36957.5,36499,36652.1,36521,36614.6,36615,36945.2,39736,40813.7,36541,36541,36420,36442.3
XL-n1701-k562,1701,562,520843,521136,521380.5,524642,525299,524731,525333.3,526455,527011,522603,523391.5,522024,522435.6,589386,602157,543924,546859.9,525433,525433,521696,521713.3
XL-n1748-k271,1748,271,173759,173896,174027.2,174423,174555.8,174368,174528.2,175208,175458.2,174534,174857,174212,174370.7,182414,184422.9,183850,186541.3,175343,175343,174166,174208.7
XL-n1794-k163,1794,163,141724,141729,141777.6,141743,141827.8,141750,141819,142050,142196.8,141862,141989.5,141890,142012.1,142630,142859.8,145676,146337.8,141819,141819,141732,141768.7
XL-n1841-k126,1841,126,213981,214038,214142.6,214424,214601.9,214257,214446.9,215079,215376.7,215004,215535.4,214283,214465.7,216095,216484.8,225801,228519.6,215217,215217,214193,214259.7
XL-n1888-k82,1888,82,143558,143623,143733.5,143769,143892,143704,143855.2,144447,144609.1,144738,145168.3,143855,144020.5,145617,146161.4,150047,150745.8,144146,144146,143852,143898.0
XL-n1934-k46,1934,46,52980,53013,53067.3,53019,53216.1,53025,53193.7,53202,53468.4,53078,53156.4,53175,53483.6,54272,54821.5,57082,58423,53133,53133,53118,53161.7
XL-n1981-k13,1981,13,32546,32580,32639.1,32602,32672.6,32617,32760.8,32695,32958.7,32665,32752.2,32757,32961.3,32753,32989.8,35019,36103.9,32805,32805,32638,32659.0
XL-n2028-k617,2028,617,544166,544403,544596.6,547124,547687.3,547181,547645.2,548387,548760.1,545456,545993.2,545103,545516.6,647655,666636,570295,572389.5,550770,550770,544872,544960.3
XL-n2074-k264,2074,264,421250,421627,421805,422175,422449.9,422214,422492.3,424917,425405.7,426672,427692.7,422267,422584.4,452516,458340.7,435546,439098.4,424098,424098,422390,422430.0
XL-n2121-k186,2121,186,283105,283211,283323.6,283383,283531.6,283333,283506,284793,285026.6,285705,286790.9,283429,283600.1,284991,285363,293138,295124.1,284217,284217,283450,283539.0
XL-n2168-k138,2168,138,127210,127298,127450.2,127500,127619.5,127458,127576.7,128271,128500.4,127930,128150.2,127710,127941.7,134831,137346.9,136817,140455.5,127877,127877,127607,127673.3
XL-n2214-k131,2214,131,154652,154676,154722.4,154696,154763.3,154693,154757.4,154978,155087.7,154910,155021.2,154841,154920.1,155496,155704.4,158831,159335.6,154793,154793,154761,154783.7
XL-n2261-k54,2261,54,98826,98907,98993.6,99021,99135.9,99004,99084.4,99430,99668.1,99837,100195,99170,99309.4,101293,101786.1,105404,106532.6,99417,99417,99161,99181.7
XL-n2307-k34,2307,34,47936,47958,48020.2,48046,48225.2,47984,48125.4,48206,48439.7,48006,48178.9,48233,48451.5,48901,49339,52879,54328.1,48088,48088,48015,48032.7
XL-n2354-k631,2354,631,940634,940825,940960.9,942980,943678,942723,943357,943727,944550.9,942928,944394,941310,941626.8,945446,946780.2,982412,986908.4,949057,949057,941098,941210.7
XL-n2401-k408,2401,408,463084,463473,463673.4,464251,464722.2,464045,464534.3,466903,467336.2,467162,468236.6,464495,464839.6,539326,558932.9,487321,503274.1,467610,467610,464192,464302.3
XL-n2447-k290,2447,290,218633,218706,218821.4,219407,219628.7,219199,219434,220242,220656.7,219759,220267.5,219188,219488,224099,225815.8,236532,240391.8,220260,220260,219024,219085.0
XL-n2494-k194,2494,194,361057,361205,361273.1,361664,362285.1,361670,362269.9,363648,363810.2,364118,364995.3,361527,361665.8,370229,373017.9,368638,370337.3,363185,363185,361485,361540.7
XL-n2541-k121,2541,121,146345,146390,146489.1,146435,146502.5,146422,146499.3,146891,147004.5,146898,147182.1,146601,146738.9,147836,148125,152472,153089.5,146563,146563,146515,146568.3
XL-n2587-k66,2587,66,73254,73451,73520.7,73473,73571.1,73394,73535.1,73732,73917.1,73695,73914.9,73629,73826.4,75387,75906.3,80721,82005.7,73697,73697,73592,73605.0
XL-n2634-k17,2634,17,31619,31657,31781,31647,31748.6,31641,31771.6,32243,32605.3,32074,32341.5,32088,32375,32418,32846.8,35327,36090.5,32079,32079,31909,31932.0
XL-n2681-k540,2681,540,797906,798603,798950.4,799927,800389.8,799928,800296.5,804093,804920.8,808973,810185,799498,799927.8,886992,909519,821635,825322.9,804393,804393,799847,800016.0
XL-n2727-k546,2727,546,431108,431134,431173,431147,431205.1,431152,431193.6,431697,431834,431443,431618.2,431320,431483.8,432092,432335.8,434453,434942.4,431221,431221,431171,431180.3
XL-n2774-k286,2774,286,407617,407847,408000.2,408760,408941.9,408678,408865.7,409993,410307.4,411338,412003.4,408428,408696.3,425420,428405.3,418746,419972.9,410244,410244,408424,408486.7
XL-n2821-k208,2821,208,216622,216763,216868.8,217368,217614.4,217222,217391,218149,218567.7,218225,218674.3,217249,217588.1,219884,220864.7,236961,241288.1,217622,217622,217118,217131.7
XL-n2867-k120,2867,120,165916,165990,166056.6,166130,166213.8,166081,166209,166738,166939.6,168024,168613.2,166236,166364.1,169287,170659,172143,173205.9,166574,166574,166172,166181.0
XL-n2914-k95,2914,95,88902,88990,89080.2,89091,89178.4,89064,89149.8,89575,89861.4,89573,89804.5,89433,89655.6,92263,92914.7,97062,100665,89420,89420,89238,89288.3
XL-n2961-k55,2961,55,107945,108084,108200.9,108211,108370.2,108199,108306.9,108941,109169.3,109841,110343.8,108531,108701.8,112122,112864.4,119044,120361.9,108807,108807,108416,108442.3
XL-n3007-k658,3007,658,522126,522319,522458.9,522613,522812.4,522516,522720.1,524744,525157.3,525139,526498.3,522717,522945.1,527958,528972.3,541406,544250.3,523883,523883,522857,522868.3
XL-n3054-k461,3054,461,782194,782739,783022.3,784471,784883.9,784423,784754.7,786510,787008,791047,791893.7,783889,784227.6,896002,911867.1,809515,811540.9,789058,789058,783840,783885.7
XL-n3101-k311,3101,311,245766,245937,246059.9,246366,246627,246264,246444.4,247072,247375.9,247189,247858.2,246421,246652.6,252244,253877.6,260864,264149.3,247374,247374,246245,246293.3
XL-n3147-k232,3147,232,256417,256626,256746.6,256838,257036.8,256871,256992.5,258054,258429.1,258787,259829.7,257076,257313.1,260582,261419.4,265955,266516.1,257674,257674,257010,257017.3
XL-n3194-k161,3194,161,148596,148728,148905.3,148994,149161.6,148937,149064.9,149949,150141.2,149803,150105.8,149391,149684.6,156795,158561.8,163628,171798.3,149544,149544,149190,149249.7
XL-n3241-k115,3241,115,221249,221370,221468.2,221637,221732.6,221574,221678.8,222319,222510,223357,223872.1,221870,222017.7,223914,224294.5,227918,230547.8,222394,222394,221674,221696.0
XL-n3287-k30,3287,30,40190,40229,40264.9,40235,40273.4,40230,40285.7,40735,41009.4,40887,41092.5,40538,40974.3,40883,41244.8,44225,45338,40331,40331,40288,40312.3
XL-n3334-k934,3334,934,1452353,1452698,1452950.7,1453358,1453639.3,1453205,1453531.7,1456863,1457777.2,1465703,1466924.1,1453276,1453614.9,1468960,1473610.6,1477435,1480074.3,1456530,1456530,1453192,1453352.7
XL-n3408-k524,3408,524,678024,678643,678911.7,679979,680284.2,679812,680047.4,683312,683727.2,685634,686864.6,680287,680759.4,786005,800425.6,748231,778465.2,684661,684661,679708,679858.3
XL-n3484-k436,3484,436,703319,703355,703416.8,703402,703459.9,703387,703454.9,703924,704063.7,704451,704902.8,703617,703735.5,704495,704700.1,706947,707320,703672,703672,703472,703514.7
XL-n3561-k229,3561,229,209191,209386,209555.6,209797,209977.3,209693,209832.3,211438,211715,211379,212076.8,210098,210344.3,224490,232075,224338,233124.7,210773,210773,209939,210003.0
XL-n3640-k211,3640,211,189531,189724,189838.6,189992,190110.6,189877,190038,191105,191291.3,191146,191531.6,190218,190427.7,194899,196261,199577,200624.1,190460,190460,190159,190195.0
XL-n3721-k77,3721,77,162630,162862,162970.3,163221,163468.7,163041,163241.5,164231,164631.6,166563,167084.5,164077,164447.5,167294,168623,176024,177188.8,163986,163986,163195,163361.7
XL-n3804-k29,3804,29,52838,52885,52935.8,52979,53054.8,52948,53026.2,53468,53958.4,53176,53306.6,53269,53429.2,53676,54224.7,60096,61880.2,53010,53010,52924,52939.7
XL-n3888-k1010,3888,1010,1877119,1880368,1882369,1889998,1893832.7,1893912,1896882.1,1938055,1941655.6,1891969,1898904.4,1888139,1890565.2,,,1904914,1910406.1,1904066,1904066,1880215,1880823.3
XL-n3975-k687,3975,687,525560,525901,526048.1,526283,526431.4,526100,526361.9,528906,529183.5,531239,532949.1,526547,526826.9,534544,536626.8,547160,550743.6,527704,527704,526535,526546.0
XL-n4063-k347,4063,347,548330,548931,549115.2,549749,549905.8,549614,549817.4,552302,552683.1,558540,559356.1,550199,550524.2,589406,598800.3,569008,573607.5,551284,551284,549989,550009.0
XL-n4153-k291,4153,291,355780,356034,356149.2,356457,356631.7,356412,356532.8,358538,358686.7,359992,360658.2,356757,356925.4,363855,366949.9,366789,370046.8,357635,357635,356513,356621.7
XL-n4245-k203,4245,203,229521,229659,229743.2,229683,229786.2,229703,229762.9,230408,230549.3,231721,232266.8,230003,230150.9,231886,232340.6,237870,238519.1,229922,229922,229846,229920.0
XL-n4340-k148,4340,148,243895,244226,244431.7,244559,244723.3,244515,244666.1,245748,245962,249862,250538,245005,245248.1,290700,302129.8,254610,255212.5,245182,245182,245007,245097.0
XL-n4436-k48,4436,48,61431,61477,61583.1,61542,61745.9,61519,61589.1,62034,62371.8,62374,62600.7,61944,62057.8,63230,63696.4,67046,69283.8,61713,61713,61607,61633.3
XL-n4535-k1134,4535,1134,1203512,1203566,1203606.7,1203574,1203619.9,1203605,1203655.5,1204133,1204297.9,1204967,1205208.8,1203971,1204074.4,1204631,1204811.8,1206068,1206309.5,1203749,1203749,1203629,1203634.7
XL-n4635-k790,4635,790,609734,610650,610947.8,611371,611617.3,611191,611437.2,615225,615774.5,621541,622572,612062,612478.8,,,636983,643476.9,613960,613960,612416,612499.0
XL-n4738-k487,4738,487,759649,760501,760787.8,761734,762019.3,761570,761880.7,765520,765816.6,772923,774216.4,762244,762728.4,848584,876646.7,786677,792775,765055,765055,762178,762226.7
XL-n4844-k321,4844,321,404429,404652,404837.3,406051,406484.1,405610,405876.3,407136,407539.3,410938,411848,405738,406164.6,410413,410799.4,433448,437853.2,407046,407046,405362,405406.3
XL-n4951-k203,4951,203,284769,285269,285390.1,285493,285668.7,285387,285575.4,286866,287171.6,292698,293247.8,286085,286311.6,301081,306062.4,295805,296654.3,286379,286379,286057,286180.0
XL-n5061-k184,5061,184,161480,161629,161716.7,161878,162125.9,161799,162041.9,162767,162910.9,163647,164240.8,162248,162458.5,168384,169806,169156,170004.9,162395,162395,161994,162013.7
XL-n5174-k55,5174,55,61254,61382,61491.6,61439,61554.6,61388,61489.1,62696,63190.9,62838,63365.1,62301,62655.7,66940,67775.3,71694,74070,62161,62161,61712,61787.7
XL-n5288-k1246,5288,1246,1958205,1960101,1960957.8,1969468,1970919.4,1968626,1969625.1,1973897,1975364.3,1979986,1981046.6,1963284,1964548,,,2043934,2050699.2,1983588,1983588,1961862,1962267.0
XL-n5406-k783,5406,783,1040141,1040536,1040723.8,1041085,1041275.2,1040982,1041163,1044393,1044993.9,1054157,1055362,1041404,1041638.4,1048001,1050772.4,1062904,1065357.7,1042944,1042944,1041298,1041331.0
XL-n5526-k553,5526,553,336843,336898,336984.8,336956,337021.3,336919,336985.4,337665,337811.6,339042,339395.9,337486,337581.3,338592,338780.5,342031,342645.5,337130,337130,337149,337158.3
XL-n5649-k401,5649,401,644562,644866,644987.8,647193,647619.6,646145,646598.9,648133,648683.5,658001,658983.1,646351,646822.3,651205,656972.6,677774,682592,647886,647886,645479,645589.0
XL-n5774-k290,5774,290,249895,250207,250337.8,250720,250956.9,250620,250790.3,252642,252860.3,255156,256107.7,251586,251849.3,271379,287487.9,270908,279218.2,251765,251765,250921,250979.7
XL-n5902-k122,5902,122,217012,217447,217689,217570,217746.8,217509,217668.5,219624,220043,224048,225156.7,218869,219210.6,226131,226896.2,233033,235501,219038,219038,218452,218598.7
XL-n6034-k61,6034,61,64251,64453,64676.8,64543,64670.2,64448,64615,65997,66395.5,66401,66794.3,65402,65598.7,71546,72606.4,73530,74714.1,65082,65082,64812,64939.7
XL-n6168-k1922,6168,1922,1527390,1530010,1530476.6,1533690,1534292.6,1532722,1533331.4,1539812,1540593.5,1551851,1553139.1,1533332,1534231.8,,,1572323,1576529.3,1542392,1542392,1532658,1533531.0
XL-n6305-k1042,6305,1042,1176002,1177528,1177837,1180530,1181253.3,1180312,1180818.4,1187702,1188996.8,1193663,1194922.5,1180201,1181326.7,,,1225822,1230959.2,1186809,1186809,1179538,1179898.0
XL-n6445-k628,6445,628,996117,996623,996804.7,997809,998072.3,997460,997804.3,1000779,1001095.2,1010992,1012009.6,998149,998517.3,1071180,1083306.7,1021394,1022544.1,1001505,1001505,997627,997713.3
XL-n6588-k473,6588,473,333822,334068,334232.1,334506,334676.5,334486,334604.8,336655,336845.9,341531,342341.7,335111,335287.1,338623,339106,348818,351373.2,335597,335597,334693,334789.3
XL-n6734-k330,6734,330,447486,448031,448257.5,448666,448799.9,448503,448662.3,450438,450722.9,456666,457623,449414,449746.2,585492,602752.8,461789,462933.5,450200,450200,449068,449229.3
XL-n6884-k148,6884,148,181585,181809,181960.4,182219,182480.7,182092,182261.4,183519,183906.9,187702,188623.6,183507,183998,188731,189353.5,194144,196806.5,183840,183840,182403,182494.7
XL-n7037-k38,7037,38,70760,70845,70906.9,70975,71068.8,70949,71027.6,75357,76547.6,72980,73989.1,71624,72054.5,74435,75432.4,84412,86527.1,71214,71214,71041,71082.0
XL-n7193-k1683,7193,1683,2958205,2958979,2959237.4,2965043,2966154.3,2963460,2964390.1,2973722,2976353.2,2978019,2978644.7,2961569,2962056.3,,,3073256,3082216,2982838,2982838,2960255,2960336.3
XL-n7353-k1471,7353,1471,1537702,1537811,1537904.2,1537888,1537976.5,1537841,1537960.6,1539199,1539452.9,1542188,1542584.5,1538778,1538934.8,1540585,1540726.1,1543630,1544214.8,1538192,1538192,1538039,1538063.3
XL-n7516-k859,7516,859,572984,573902,574104.2,574830,575005.8,574760,575009.6,578342,578784.8,585696,586421.2,575733,576046.8,741224,753817.4,595065,601789.4,577043,577043,575265,575447.3
XL-n7683-k602,7683,602,701151,702098,702303.9,703019,703265.8,702829,703037.4,705500,705940.7,713716,714634.3,703893,704206.8,,,721032,722359.7,705675,705675,703772,703796.3
XL-n7854-k365,7854,365,659075,659221,659311.3,660022,660167.4,659594,659756.2,660967,661426.5,667319,668075.3,660902,661220.6,663822,664183.7,670889,672306.7,660865,660865,659532,659641.3
XL-n8028-k294,8028,294,266295,266900,267065.9,267322,267493.1,267058,267259.8,269230,269533.1,273319,273864.5,268989,269340.9,303795,314769.4,304826,326514.1,268156,268156,267870,267915.7
XL-n8207-k108,8207,108,118050,118274,118509,118531,118710.4,118392,118495.5,119872,120368,122006,122311.5,119737,120013,125375,126054.1,129611,130632.8,119640,119640,118748,118919.7
XL-n8389-k2028,8389,2028,3353305,3358731,3359593.2,3368875,3369886.8,3365882,3366587.9,3379011,3384122.1,3407551,3409508.7,3365665,3367143.4,,,3416160,3424086.4,3386197,3386197,3364681,3366542.7
XL-n8575-k1297,8575,1297,1088376,1089137,1089360.7,1089976,1090163.5,1089681,1089920,1094516,1094951.1,1108196,1109688.1,1090800,1091190.2,1111459,1122709.8,1124655,1129545.4,1092308,1092308,1089997,1090139.3
XL-n8766-k1032,8766,1032,905060,906406,906592.3,907662,908041.4,907388,907754.7,911293,911712.8,920113,921125.5,909024,909382.8,1316029,1356752.8,935015,936239.4,911146,911146,907882,908440.7
XL-n8960-k634,8960,634,772906,773383,773515.7,774297,774478,774049,774194.6,776494,776749,786928,787574.8,774851,775165.8,837252,851958.9,790145,791178.6,777282,777282,774077,774229.0
XL-n9160-k379,9160,379,323596,324092,324277.1,325636,325988.6,324890,325121.9,327355,327773.4,331258,332458.5,327057,327894.9,335459,335886.5,355749,361374.4,327203,327203,325176,325280.7
XL-n9363-k209,9363,209,205369,205713,205842.2,205675,205788.7,205575,205690.5,207211,207627.8,210150,210705.5,206463,206807.3,212085,212825.4,219457,220835.1,206239,206239,205962,206016.7
XL-n9571-k55,9571,55,106344,106956,107277.8,106973,107247.1,106791,106987.1,114806,116005.7,113551,114621.1,109465,110061.8,119664,121011,126909,130501,108853,108853,107910,107998.7
XL-n9784-k2774,9784,2774,4076936,4078217,4078505.8,4080198,4080925.8,4078841,4079247.6,4088203,4091318.6,4108083,4109693.8,4080493,4081111.9,,,4113609,4119287.6,4083129,4083129,4078970,4080143.7
XL-n10001-k1570,10001,1570,2330666,2333757,2334348.4,2340824,2341299.5,2339475,2340196.9,2349676,2351638.2,2360414,2361177.1,2337987,2339332.4,,,2411189,2415750.7,2352499,2352499,2337368,2337880.7
